nome,idade,genero,salario,cidade,status_emprego,formacao,score_credito,genero_cod,salario_anual,genero_cod_lambda,faixa_score
Mariano,65,M,7000.0,Porto Alegre,Autônomo,Pós-graduação,626,1,84000.0,1,Médio
Luiz,71,M,6545.0,Rio de Janeiro,Autônomo,Graduação,438,1,78540.0,1,Baixo
Carlo,21,M,12383.0,Salvador,Autônomo,Graduação,384,1,148596.0,1,Baixo
Luiz,77,M,1823.0,Porto Alegre,Autônomo,Ensino Médio,737,1,21876.0,1,Alto
Felipe,21,M,1490.0,Porto Alegre,Autônomo,Ensino Médio,482,1,17880.0,1,Baixo
Ana,57,F,12548.0,São Paulo,Empregado,Graduação,848,0,150576.0,0,Alto
Paula,27,F,8432.0,São Paulo,Empregado,Graduação,728,0,101184.0,0,Alto
Paulo,37,M,13351.0,Belo Horizonte,Desempregado,Mestrado,693,1,160212.0,1,Médio
Felipe,39,F,4978.0,Salvador,Autônomo,Graduação,656,0,59736.0,0,Médio
Ano,68,M,7661.0,Belo Horizonte,Desempregado,Doutorado,387,1,91932.0,1,Baixo
Maria,54,F,8195.0,Salvador,Desempregado,Pós-graduação,463,0,98340.0,0,Baixo
Felipe,41,M,9641.0,Belo Horizonte,Desempregado,Mestrado,392,1,115692.0,1,Baixo
Carla,24,F,629.0,São Paulo,Autônomo,Ensino Médio,318,0,7548.0,0,Baixo
Luiz,42,F,112.0,Rio de Janeiro,Autônomo,Doutorado,448,0,1344.0,0,Baixo
Luiz,42,M,7312.0,Porto Alegre,Empregado,Graduação,336,1,87744.0,1,Baixo
Maria,30,F,5963.0,Salvador,Empregado,Graduação,668,0,71556.0,0,Médio
Mario,76,M,42.0,São Paulo,Desempregado,Doutorado,825,1,504.0,1,Alto
Felipe,19,F,11684.0,São Paulo,Desempregado,Pós-graduação,788,0,140208.0,0,Alto
Felipe,56,M,4437.0,São Paulo,Autônomo,Doutorado,577,1,53244.0,1,Médio
Ano,57,M,,Belo Horizonte,Empregado,Ensino Médio,615,1,,1,Médio
Pedra,41,F,,Porto Alegre,Desempregado,Doutorado,539,0,,0,Médio
Mariano,64,M,121.0,São Paulo,Desempregado,Mestrado,489,1,1452.0,1,Baixo
Ano,42,M,43.0,Belo Horizonte,Empregado,Doutorado,780,1,516.0,1,Alto
João,35,M,120.0,São Paulo,Autônomo,Doutorado,588,1,1440.0,1,Médio
Joãa,55,F,,Belo Horizonte,Desempregado,Ensino Médio,330,0,,0,Baixo
Carlo,43,M,73.0,Rio de Janeiro,Autônomo,Ensino Médio,391,1,876.0,1,Baixo
Felipe,31,F,,Belo Horizonte,Desempregado,Pós-graduação,745,0,,0,Alto
Paulo,26,M,125.0,Salvador,Autônomo,Ensino Médio,648,1,1500.0,1,Médio
Carlo,27,M,13593.0,Porto Alegre,Desempregado,Ensino Médio,622,1,163116.0,1,Médio
Felipe,38,M,14652.0,Belo Horizonte,Desempregado,Ensino Médio,642,1,175824.0,1,Médio
Joãa,69,F,5248.0,Porto Alegre,Desempregado,Doutorado,740,0,62976.0,0,Alto
Mario,34,M,2739.0,Belo Horizonte,Autônomo,Doutorado,577,1,32868.0,1,Médio
Pedro,69,M,73.0,Porto Alegre,Empregado,Ensino Médio,475,1,876.0,1,Baixo
Joãa,23,F,6669.0,Rio de Janeiro,Autônomo,Graduação,721,0,80028.0,0,Alto
Felipe,33,F,137.0,Salvador,Autônomo,Ensino Médio,388,0,1644.0,0,Baixo
Pedra,65,F,8.0,Salvador,Autônomo,Ensino Médio,739,0,96.0,0,Alto
Felipe,18,M,12552.0,Salvador,Desempregado,Pós-graduação,825,1,150624.0,1,Alto
Joãa,36,F,4.0,Belo Horizonte,Desempregado,Ensino Médio,728,0,48.0,0,Alto
Mariano,53,M,6267.0,Salvador,Autônomo,Ensino Médio,642,1,75204.0,1,Médio
Mariana,42,F,2178.0,São Paulo,Autônomo,Pós-graduação,647,0,26136.0,0,Médio
Mariana,67,F,154.0,São Paulo,Desempregado,Ensino Médio,741,0,1848.0,0,Alto
Ana,69,F,12348.0,Salvador,Empregado,Ensino Médio,461,0,148176.0,0,Baixo
Luiz,47,F,79.0,Salvador,Desempregado,Mestrado,641,0,948.0,0,Médio
Ana,37,F,4469.0,Belo Horizonte,Desempregado,Pós-graduação,366,0,53628.0,0,Baixo
João,37,M,12872.0,Salvador,Autônomo,Pós-graduação,338,1,154464.0,1,Baixo
Ano,32,M,,Porto Alegre,Autônomo,Mestrado,708,1,,1,Alto
Mariana,57,F,977.0,Rio de Janeiro,Desempregado,Pós-graduação,509,0,11724.0,0,Médio
Mariano,50,M,6239.0,Belo Horizonte,Autônomo,Graduação,757,1,74868.0,1,Alto
Mariana,19,F,27.0,Belo Horizonte,Desempregado,Doutorado,837,0,324.0,0,Alto
Carlo,27,M,11557.0,São Paulo,Empregado,Doutorado,337,1,138684.0,1,Baixo
Fernando,75,M,7616.0,Belo Horizonte,Autônomo,Pós-graduação,667,1,91392.0,1,Médio
Joãa,50,F,5165.0,Belo Horizonte,Empregado,Doutorado,614,0,61980.0,0,Médio
Maria,49,F,73.0,Rio de Janeiro,Desempregado,Ensino Médio,368,0,876.0,0,Baixo
Luiz,28,M,9687.0,Porto Alegre,Empregado,Ensino Médio,580,1,116244.0,1,Médio
Paulo,70,M,115.0,Rio de Janeiro,Autônomo,Graduação,531,1,1380.0,1,Médio
Pedro,41,M,12417.0,Porto Alegre,Empregado,Mestrado,454,1,149004.0,1,Baixo
Mariana,53,F,7146.0,São Paulo,Autônomo,Doutorado,550,0,85752.0,0,Médio
Joãa,29,F,836.0,Rio de Janeiro,Empregado,Graduação,544,0,10032.0,0,Médio
Mario,68,M,281.0,Rio de Janeiro,Autônomo,Doutorado,483,1,3372.0,1,Baixo
Mario,73,M,12483.0,Rio de Janeiro,Desempregado,Ensino Médio,695,1,149796.0,1,Médio
João,46,M,5695.0,Salvador,Empregado,Graduação,498,1,68340.0,1,Baixo
Mario,52,M,7715.0,Salvador,Empregado,Graduação,648,1,92580.0,1,Médio
Carlo,18,M,,Rio de Janeiro,Empregado,Mestrado,558,1,,1,Médio
João,18,M,13385.0,Belo Horizonte,Autônomo,Ensino Médio,467,1,160620.0,1,Baixo
Mariana,54,F,,São Paulo,Empregado,Graduação,550,0,,0,Médio
Maria,71,F,12587.0,Belo Horizonte,Empregado,Ensino Médio,715,0,151044.0,0,Alto
Joãa,23,F,144.0,São Paulo,Autônomo,Ensino Médio,440,0,1728.0,0,Baixo
Carla,56,F,11599.0,São Paulo,Autônomo,Pós-graduação,492,0,139188.0,0,Baixo
Mariana,58,F,7612.0,Salvador,Empregado,Pós-graduação,683,0,91344.0,0,Médio
Felipe,70,F,579.0,São Paulo,Empregado,Mestrado,310,0,6948.0,0,Baixo
Mariana,35,F,3682.0,Rio de Janeiro,Autônomo,Ensino Médio,619,0,44184.0,0,Médio
Joãa,33,F,,Rio de Janeiro,Empregado,Pós-graduação,510,0,,0,Médio
Fernando,22,M,12291.0,São Paulo,Empregado,Doutorado,416,1,147492.0,1,Baixo
Mario,59,M,14849.0,Salvador,Desempregado,Ensino Médio,475,1,178188.0,1,Baixo
Paulo,60,M,,Belo Horizonte,Desempregado,Graduação,438,1,,1,Baixo
Carlo,76,M,4316.0,Salvador,Empregado,Ensino Médio,447,1,51792.0,1,Baixo
Carlo,49,M,8767.0,Salvador,Desempregado,Graduação,377,1,105204.0,1,Baixo
João,74,M,,Belo Horizonte,Desempregado,Mestrado,485,1,,1,Baixo
João,19,M,7.0,Rio de Janeiro,Autônomo,Pós-graduação,848,1,84.0,1,Alto
Maria,19,F,138.0,Porto Alegre,Empregado,Doutorado,815,0,1656.0,0,Alto
Mariana,59,F,5792.0,Rio de Janeiro,Desempregado,Graduação,384,0,69504.0,0,Baixo
Luiz,75,M,125.0,São Paulo,Desempregado,Mestrado,308,1,1500.0,1,Baixo
Felipe,53,F,4136.0,Salvador,Empregado,Graduação,765,0,49632.0,0,Alto
Fernando,56,M,8445.0,Salvador,Autônomo,Mestrado,680,1,101340.0,1,Médio
Carla,73,F,8527.0,São Paulo,Empregado,Mestrado,521,0,102324.0,0,Médio
Carla,29,F,8363.0,Porto Alegre,Autônomo,Doutorado,741,0,100356.0,0,Alto
Felipe,64,M,2165.0,Porto Alegre,Empregado,Doutorado,672,1,25980.0,1,Médio
Fernanda,36,F,2434.0,Belo Horizonte,Empregado,Pós-graduação,417,0,29208.0,0,Baixo
Maria,45,F,3968.0,São Paulo,Autônomo,Doutorado,711,0,47616.0,0,Alto
Pedro,18,M,3228.0,Rio de Janeiro,Autônomo,Graduação,603,1,38736.0,1,Médio
Felipe,32,F,112.0,Rio de Janeiro,Autônomo,Graduação,750,0,1344.0,0,Alto
Carlo,53,M,74.0,Porto Alegre,Autônomo,Mestrado,311,1,888.0,1,Baixo
Mariano,71,M,43.0,Belo Horizonte,Autônomo,Pós-graduação,382,1,516.0,1,Baixo
Paulo,30,M,3198.0,Belo Horizonte,Autônomo,Pós-graduação,516,1,38376.0,1,Médio
Pedra,75,F,14174.0,Rio de Janeiro,Autônomo,Pós-graduação,836,0,170088.0,0,Alto
Luiz,60,F,135.0,Belo Horizonte,Desempregado,Mestrado,428,0,1620.0,0,Baixo
Mariano,38,M,9579.0,Porto Alegre,Empregado,Doutorado,744,1,114948.0,1,Alto
João,29,M,56.0,Porto Alegre,Autônomo,Ensino Médio,500,1,672.0,1,Médio
Ana,22,F,6966.0,Belo Horizonte,Desempregado,Graduação,387,0,83592.0,0,Baixo
Ano,24,M,7517.0,Porto Alegre,Empregado,Mestrado,813,1,90204.0,1,Alto
Mariano,22,M,5588.0,Porto Alegre,Empregado,Graduação,551,1,67056.0,1,Médio
Ana,65,F,,Belo Horizonte,Empregado,Doutorado,649,0,,0,Médio
Fernando,70,M,7391.0,Porto Alegre,Desempregado,Doutorado,347,1,88692.0,1,Baixo
Maria,21,F,9197.0,São Paulo,Desempregado,Mestrado,530,0,110364.0,0,Médio
Paula,30,F,11166.0,Porto Alegre,Empregado,Mestrado,536,0,133992.0,0,Médio
Ano,54,M,9338.0,Salvador,Desempregado,Ensino Médio,734,1,112056.0,1,Alto
Ano,70,M,3227.0,Rio de Janeiro,Desempregado,Pós-graduação,511,1,38724.0,1,Médio
Ana,58,F,,São Paulo,Autônomo,Ensino Médio,425,0,,0,Baixo
Fernanda,32,F,9387.0,Belo Horizonte,Desempregado,Mestrado,807,0,112644.0,0,Alto
Maria,33,F,4582.0,Rio de Janeiro,Empregado,Ensino Médio,846,0,54984.0,0,Alto
Mario,38,M,9278.0,Salvador,Empregado,Graduação,781,1,111336.0,1,Alto
João,53,M,3492.0,Rio de Janeiro,Desempregado,Doutorado,775,1,41904.0,1,Alto
Mariana,76,F,,Porto Alegre,Desempregado,Doutorado,661,0,,0,Médio
Fernando,41,M,3154.0,Rio de Janeiro,Empregado,Ensino Médio,808,1,37848.0,1,Alto
Fernando,33,M,,Belo Horizonte,Empregado,Pós-graduação,511,1,,1,Médio
Felipe,31,F,11853.0,Porto Alegre,Desempregado,Mestrado,432,0,142236.0,0,Baixo
Felipe,71,F,3664.0,Porto Alegre,Desempregado,Doutorado,735,0,43968.0,0,Alto
Mario,39,M,5423.0,Salvador,Autônomo,Ensino Médio,543,1,65076.0,1,Médio
Felipe,66,M,2184.0,Rio de Janeiro,Empregado,Mestrado,371,1,26208.0,1,Baixo
Luiz,67,M,9278.0,Salvador,Desempregado,Doutorado,740,1,111336.0,1,Alto
Ano,23,M,13974.0,Porto Alegre,Desempregado,Ensino Médio,523,1,167688.0,1,Médio
Fernanda,59,F,74.0,Porto Alegre,Desempregado,Mestrado,361,0,888.0,0,Baixo
Luiz,53,F,124.0,Salvador,Empregado,Pós-graduação,667,0,1488.0,0,Médio
Felipe,18,F,9726.0,Porto Alegre,Autônomo,Ensino Médio,453,0,116712.0,0,Baixo
Fernanda,49,F,79.0,Rio de Janeiro,Desempregado,Ensino Médio,681,0,948.0,0,Médio
Ano,23,M,4765.0,São Paulo,Autônomo,Ensino Médio,522,1,57180.0,1,Médio
Fernando,48,M,,Salvador,Empregado,Doutorado,544,1,,1,Médio
Fernanda,18,F,8462.0,Belo Horizonte,Autônomo,Pós-graduação,349,0,101544.0,0,Baixo
João,67,M,2293.0,São Paulo,Autônomo,Pós-graduação,765,1,27516.0,1,Alto
Paulo,68,M,51.0,Belo Horizonte,Autônomo,Ensino Médio,484,1,612.0,1,Baixo
Maria,54,F,6983.0,Porto Alegre,Empregado,Ensino Médio,457,0,83796.0,0,Baixo
João,52,M,92.0,São Paulo,Empregado,Pós-graduação,503,1,1104.0,1,Médio
Felipe,66,M,12555.0,Porto Alegre,Desempregado,Mestrado,489,1,150660.0,1,Baixo
Mario,47,M,14627.0,Porto Alegre,Desempregado,Ensino Médio,718,1,175524.0,1,Alto
Carla,21,F,,Salvador,Desempregado,Pós-graduação,548,0,,0,Médio
Ano,52,M,11576.0,Belo Horizonte,Autônomo,Doutorado,810,1,138912.0,1,Alto
Fernanda,60,F,9769.0,Rio de Janeiro,Autônomo,Pós-graduação,456,0,117228.0,0,Baixo
Fernanda,31,F,14271.0,Salvador,Autônomo,Mestrado,834,0,171252.0,0,Alto
João,66,M,5869.0,Salvador,Empregado,Ensino Médio,389,1,70428.0,1,Baixo
Ana,57,F,11268.0,Belo Horizonte,Desempregado,Pós-graduação,317,0,135216.0,0,Baixo
Carla,39,F,128.0,Salvador,Empregado,Graduação,333,0,1536.0,0,Baixo
Carlo,27,M,,Belo Horizonte,Autônomo,Ensino Médio,768,1,,1,Alto
Mario,18,M,7393.0,Salvador,Desempregado,Ensino Médio,679,1,88716.0,1,Médio
Ano,28,M,832.0,São Paulo,Empregado,Graduação,307,1,9984.0,1,Baixo
Carlo,68,M,13943.0,Belo Horizonte,Desempregado,Ensino Médio,492,1,167316.0,1,Baixo
Mario,61,M,,Rio de Janeiro,Desempregado,Doutorado,568,1,,1,Médio
Joãa,76,F,36.0,Salvador,Desempregado,Doutorado,541,0,432.0,0,Médio
Ana,41,F,385.0,São Paulo,Autônomo,Mestrado,627,0,4620.0,0,Médio
Luiz,77,F,,Rio de Janeiro,Autônomo,Mestrado,302,0,,0,Baixo
Carlo,20,M,3146.0,Salvador,Desempregado,Pós-graduação,490,1,37752.0,1,Baixo
Fernanda,75,F,4737.0,Salvador,Autônomo,Pós-graduação,606,0,56844.0,0,Médio
Fernanda,52,F,14519.0,Porto Alegre,Empregado,Doutorado,824,0,174228.0,0,Alto
Fernando,53,M,76.0,Salvador,Empregado,Ensino Médio,787,1,912.0,1,Alto
Mariana,48,F,3345.0,Rio de Janeiro,Empregado,Graduação,713,0,40140.0,0,Alto
Carlo,77,M,3365.0,Rio de Janeiro,Autônomo,Doutorado,486,1,40380.0,1,Baixo
Ano,21,M,4482.0,São Paulo,Desempregado,Mestrado,626,1,53784.0,1,Médio
Fernando,36,M,,Porto Alegre,Empregado,Mestrado,366,1,,1,Baixo
Mario,64,M,12854.0,São Paulo,Empregado,Mestrado,605,1,154248.0,1,Médio
Fernanda,53,F,75.0,São Paulo,Autônomo,Graduação,761,0,900.0,0,Alto
Pedra,38,F,12229.0,Salvador,Autônomo,Mestrado,548,0,146748.0,0,Médio
Luiz,35,F,676.0,São Paulo,Autônomo,Mestrado,318,0,8112.0,0,Baixo
Joãa,68,F,4199.0,Belo Horizonte,Desempregado,Pós-graduação,741,0,50388.0,0,Alto
Maria,45,F,41.0,Porto Alegre,Desempregado,Ensino Médio,646,0,492.0,0,Médio
Fernando,32,M,41.0,Salvador,Autônomo,Ensino Médio,415,1,492.0,1,Baixo
Carla,59,F,,Belo Horizonte,Empregado,Graduação,714,0,,0,Alto
Pedro,76,M,89.0,Rio de Janeiro,Autônomo,Mestrado,705,1,1068.0,1,Alto
Maria,19,F,942.0,Porto Alegre,Empregado,Pós-graduação,591,0,11304.0,0,Médio
Felipe,54,F,5185.0,Rio de Janeiro,Autônomo,Ensino Médio,482,0,62220.0,0,Baixo
Ana,28,F,347.0,Rio de Janeiro,Desempregado,Graduação,474,0,4164.0,0,Baixo
Ana,40,F,,Salvador,Empregado,Pós-graduação,468,0,,0,Baixo
Paula,61,F,3537.0,Belo Horizonte,Desempregado,Mestrado,624,0,42444.0,0,Médio
Luiz,58,M,4313.0,Porto Alegre,Empregado,Graduação,713,1,51756.0,1,Alto
Carlo,29,M,143.0,Salvador,Empregado,Pós-graduação,351,1,1716.0,1,Baixo
Mariana,20,F,3873.0,São Paulo,Autônomo,Ensino Médio,354,0,46476.0,0,Baixo
Pedra,69,F,14683.0,Porto Alegre,Empregado,Doutorado,356,0,176196.0,0,Baixo
Paulo,34,M,7184.0,Salvador,Autônomo,Ensino Médio,401,1,86208.0,1,Baixo
Pedro,50,M,4295.0,Porto Alegre,Desempregado,Doutorado,787,1,51540.0,1,Alto
Mariana,72,F,7955.0,Porto Alegre,Autônomo,Graduação,366,0,95460.0,0,Baixo
Fernanda,18,F,5577.0,Salvador,Desempregado,Pós-graduação,845,0,66924.0,0,Alto
Pedra,56,F,246.0,Rio de Janeiro,Desempregado,Pós-graduação,770,0,2952.0,0,Alto
Joãa,37,F,3316.0,Rio de Janeiro,Autônomo,Pós-graduação,306,0,39792.0,0,Baixo
Fernando,64,M,133.0,Salvador,Empregado,Mestrado,332,1,1596.0,1,Baixo
Luiz,60,M,211.0,Porto Alegre,Desempregado,Ensino Médio,707,1,2532.0,1,Alto
Paulo,69,M,7.0,Rio de Janeiro,Empregado,Doutorado,465,1,84.0,1,Baixo
Mario,74,M,5781.0,Belo Horizonte,Desempregado,Mestrado,621,1,69372.0,1,Médio
Mariano,78,M,68.0,São Paulo,Desempregado,Graduação,815,1,816.0,1,Alto
Ano,58,M,8781.0,São Paulo,Desempregado,Graduação,489,1,105372.0,1,Baixo
Mariana,31,F,7289.0,Belo Horizonte,Autônomo,Mestrado,495,0,87468.0,0,Baixo
Joãa,48,F,28.0,Belo Horizonte,Autônomo,Doutorado,519,0,336.0,0,Médio
Mario,42,M,44.0,Belo Horizonte,Desempregado,Graduação,349,1,528.0,1,Baixo
Carlo,79,M,4233.0,Porto Alegre,Autônomo,Ensino Médio,813,1,50796.0,1,Alto
Paulo,20,M,12336.0,Rio de Janeiro,Autônomo,Graduação,402,1,148032.0,1,Baixo
Luiz,21,M,4326.0,Belo Horizonte,Desempregado,Doutorado,397,1,51912.0,1,Baixo
Maria,48,F,3416.0,Salvador,Desempregado,Ensino Médio,663,0,40992.0,0,Médio
Felipe,52,F,6926.0,São Paulo,Autônomo,Mestrado,395,0,83112.0,0,Baixo
Pedro,61,M,176.0,São Paulo,Autônomo,Doutorado,488,1,2112.0,1,Baixo
Luiz,31,M,3193.0,Belo Horizonte,Desempregado,Ensino Médio,665,1,38316.0,1,Médio
Maria,66,F,158.0,Rio de Janeiro,Autônomo,Ensino Médio,505,0,1896.0,0,Médio
Felipe,58,M,294.0,Belo Horizonte,Desempregado,Ensino Médio,380,1,3528.0,1,Baixo
Joãa,26,F,118.0,Salvador,Empregado,Doutorado,388,0,1416.0,0,Baixo
Ana,37,F,4156.0,Belo Horizonte,Desempregado,Pós-graduação,601,0,49872.0,0,Médio
Pedro,49,M,27.0,Porto Alegre,Desempregado,Graduação,690,1,324.0,1,Médio
Pedro,26,M,26.0,Belo Horizonte,Desempregado,Pós-graduação,574,1,312.0,1,Médio
Maria,44,F,91.0,Porto Alegre,Empregado,Graduação,612,0,1092.0,0,Médio
Luiz,20,F,3841.0,Rio de Janeiro,Desempregado,Doutorado,820,0,46092.0,0,Alto
Paulo,74,M,14871.0,Rio de Janeiro,Desempregado,Graduação,446,1,178452.0,1,Baixo
Fernanda,70,F,11639.0,Salvador,Desempregado,Doutorado,789,0,139668.0,0,Alto
Paulo,21,M,131.0,Rio de Janeiro,Empregado,Ensino Médio,821,1,1572.0,1,Alto
Mariano,62,M,97.0,Porto Alegre,Empregado,Mestrado,796,1,1164.0,1,Alto
Mariana,79,F,,Rio de Janeiro,Autônomo,Pós-graduação,653,0,,0,Médio
Ana,32,F,14428.0,Porto Alegre,Empregado,Pós-graduação,555,0,173136.0,0,Médio
Felipe,50,M,4792.0,Salvador,Desempregado,Doutorado,733,1,57504.0,1,Alto
João,22,M,11441.0,Porto Alegre,Desempregado,Graduação,653,1,137292.0,1,Médio
Luiz,21,F,191.0,Belo Horizonte,Autônomo,Graduação,699,0,2292.0,0,Médio
Luiz,63,M,6814.0,Rio de Janeiro,Autônomo,Mestrado,538,1,81768.0,1,Médio
João,29,M,13791.0,São Paulo,Desempregado,Ensino Médio,467,1,165492.0,1,Baixo
Luiz,78,M,112.0,Belo Horizonte,Autônomo,Graduação,626,1,1344.0,1,Médio
Pedra,40,F,3716.0,Porto Alegre,Empregado,Graduação,701,0,44592.0,0,Alto
Pedra,31,F,5911.0,Belo Horizonte,Desempregado,Ensino Médio,411,0,70932.0,0,Baixo
Ana,75,F,,Belo Horizonte,Desempregado,Mestrado,749,0,,0,Alto
Fernando,63,M,12568.0,Belo Horizonte,Empregado,Graduação,576,1,150816.0,1,Médio
Felipe,29,F,5333.0,Belo Horizonte,Desempregado,Doutorado,372,0,63996.0,0,Baixo
Mariana,74,F,743.0,Porto Alegre,Desempregado,Ensino Médio,672,0,8916.0,0,Médio
Pedro,34,M,527.0,Rio de Janeiro,Empregado,Graduação,428,1,6324.0,1,Baixo
Paulo,42,M,14111.0,Rio de Janeiro,Autônomo,Mestrado,332,1,169332.0,1,Baixo
Maria,47,F,173.0,Belo Horizonte,Desempregado,Pós-graduação,770,0,2076.0,0,Alto
Carla,39,F,2662.0,São Paulo,Empregado,Doutorado,680,0,31944.0,0,Médio
Luiz,64,F,11433.0,Rio de Janeiro,Empregado,Doutorado,822,0,137196.0,0,Alto
Felipe,43,F,11.0,Porto Alegre,Autônomo,Doutorado,321,0,132.0,0,Baixo
Fernando,34,M,9998.0,Porto Alegre,Autônomo,Doutorado,623,1,119976.0,1,Médio
Felipe,78,F,989.0,Rio de Janeiro,Desempregado,Pós-graduação,497,0,11868.0,0,Baixo
Ana,75,F,11993.0,Porto Alegre,Empregado,Pós-graduação,583,0,143916.0,0,Médio
Mariano,72,M,13659.0,Porto Alegre,Desempregado,Pós-graduação,518,1,163908.0,1,Médio
Carlo,71,M,13133.0,Salvador,Empregado,Pós-graduação,696,1,157596.0,1,Médio
Ana,79,F,8243.0,Porto Alegre,Empregado,Mestrado,620,0,98916.0,0,Médio
Mariana,37,F,13111.0,Rio de Janeiro,Desempregado,Graduação,303,0,157332.0,0,Baixo
Ana,51,F,,Rio de Janeiro,Desempregado,Pós-graduação,727,0,,0,Alto
Maria,58,F,9752.0,São Paulo,Empregado,Pós-graduação,320,0,117024.0,0,Baixo
Fernanda,50,F,2255.0,Belo Horizonte,Empregado,Mestrado,836,0,27060.0,0,Alto
Felipe,54,M,35.0,Rio de Janeiro,Desempregado,Ensino Médio,588,1,420.0,1,Médio
Pedro,77,M,,Porto Alegre,Autônomo,Mestrado,629,1,,1,Médio
Ana,77,F,8385.0,São Paulo,Empregado,Ensino Médio,626,0,100620.0,0,Médio
Carlo,75,M,11527.0,Salvador,Autônomo,Doutorado,367,1,138324.0,1,Baixo
Paula,24,F,11738.0,São Paulo,Desempregado,Mestrado,712,0,140856.0,0,Alto
Pedro,39,M,70.0,Porto Alegre,Autônomo,Doutorado,815,1,840.0,1,Alto
Ana,49,F,7471.0,Rio de Janeiro,Autônomo,Ensino Médio,763,0,89652.0,0,Alto
Ana,31,F,3677.0,São Paulo,Empregado,Mestrado,524,0,44124.0,0,Médio
Fernando,25,M,,Porto Alegre,Empregado,Ensino Médio,722,1,,1,Alto
Carla,74,F,6151.0,Salvador,Autônomo,Ensino Médio,301,0,73812.0,0,Baixo
Paula,42,F,8149.0,São Paulo,Empregado,Doutorado,445,0,97788.0,0,Baixo
Joãa,33,F,599.0,Porto Alegre,Autônomo,Ensino Médio,490,0,7188.0,0,Baixo
Maria,59,F,8186.0,Belo Horizonte,Autônomo,Graduação,731,0,98232.0,0,Alto
Paula,36,F,7735.0,Rio de Janeiro,Desempregado,Pós-graduação,564,0,92820.0,0,Médio
Felipe,58,F,3381.0,Porto Alegre,Autônomo,Mestrado,629,0,40572.0,0,Médio
Mariano,72,M,113.0,Belo Horizonte,Desempregado,Doutorado,736,1,1356.0,1,Alto
Ano,33,M,39.0,Rio de Janeiro,Empregado,Pós-graduação,324,1,468.0,1,Baixo
Mariana,29,F,96.0,Rio de Janeiro,Autônomo,Doutorado,371,0,1152.0,0,Baixo
Maria,56,F,6248.0,Rio de Janeiro,Desempregado,Graduação,369,0,74976.0,0,Baixo
João,65,M,59.0,Belo Horizonte,Desempregado,Pós-graduação,749,1,708.0,1,Alto
Fernando,47,M,81.0,São Paulo,Desempregado,Mestrado,501,1,972.0,1,Médio
Ano,75,M,5218.0,Belo Horizonte,Autônomo,Ensino Médio,646,1,62616.0,1,Médio
João,19,M,14351.0,Belo Horizonte,Empregado,Ensino Médio,468,1,172212.0,1,Baixo
Luiz,49,F,7465.0,Porto Alegre,Autônomo,Pós-graduação,668,0,89580.0,0,Médio
Fernanda,72,F,3565.0,Porto Alegre,Empregado,Doutorado,658,0,42780.0,0,Médio
Ano,62,M,9461.0,Salvador,Desempregado,Mestrado,705,1,113532.0,1,Alto
Ano,42,M,4993.0,Belo Horizonte,Autônomo,Ensino Médio,632,1,59916.0,1,Médio
Mariano,79,M,7288.0,Belo Horizonte,Desempregado,Pós-graduação,370,1,87456.0,1,Baixo
Mario,42,M,6593.0,Salvador,Empregado,Pós-graduação,716,1,79116.0,1,Alto
Mariana,21,F,122.0,Belo Horizonte,Desempregado,Graduação,726,0,1464.0,0,Alto
Mario,36,M,9391.0,Belo Horizonte,Desempregado,Mestrado,642,1,112692.0,1,Médio
Mariano,65,M,6199.0,Salvador,Empregado,Mestrado,320,1,74388.0,1,Baixo
João,21,M,5339.0,Salvador,Empregado,Doutorado,409,1,64068.0,1,Baixo
Fernanda,60,F,4.0,Salvador,Desempregado,Doutorado,487,0,48.0,0,Baixo
Mariana,30,F,181.0,Rio de Janeiro,Empregado,Pós-graduação,431,0,2172.0,0,Baixo
Luiz,56,F,9615.0,Porto Alegre,Autônomo,Graduação,362,0,115380.0,0,Baixo
Felipe,53,M,8286.0,Salvador,Autônomo,Pós-graduação,692,1,99432.0,1,Médio
Carla,40,F,114.0,Rio de Janeiro,Empregado,Doutorado,584,0,1368.0,0,Médio
Ana,79,F,8337.0,Porto Alegre,Autônomo,Ensino Médio,543,0,100044.0,0,Médio
Luiz,23,M,7241.0,Salvador,Desempregado,Graduação,313,1,86892.0,1,Baixo
Luiz,41,F,,Belo Horizonte,Empregado,Mestrado,771,0,,0,Alto
Luiz,61,M,2833.0,Belo Horizonte,Autônomo,Ensino Médio,682,1,33996.0,1,Médio
Carla,50,F,81.0,Porto Alegre,Empregado,Ensino Médio,811,0,972.0,0,Alto
Paula,29,F,73.0,São Paulo,Autônomo,Mestrado,696,0,876.0,0,Médio
Felipe,58,M,14236.0,Porto Alegre,Empregado,Pós-graduação,409,1,170832.0,1,Baixo
Carlo,38,M,8216.0,Rio de Janeiro,Desempregado,Graduação,579,1,98592.0,1,Médio
Fernanda,28,F,4968.0,Belo Horizonte,Desempregado,Ensino Médio,531,0,59616.0,0,Médio
Ana,72,F,14435.0,Belo Horizonte,Empregado,Pós-graduação,487,0,173220.0,0,Baixo
Pedro,61,M,8538.0,Salvador,Autônomo,Mestrado,549,1,102456.0,1,Médio
Maria,55,F,8663.0,Rio de Janeiro,Autônomo,Pós-graduação,418,0,103956.0,0,Baixo
João,79,M,2948.0,São Paulo,Empregado,Ensino Médio,501,1,35376.0,1,Médio
Paulo,46,M,44.0,Rio de Janeiro,Autônomo,Graduação,531,1,528.0,1,Médio
Mario,65,M,,Rio de Janeiro,Autônomo,Graduação,311,1,,1,Baixo
Luiz,58,F,7347.0,Rio de Janeiro,Empregado,Mestrado,309,0,88164.0,0,Baixo
Luiz,20,F,14323.0,Rio de Janeiro,Autônomo,Pós-graduação,518,0,171876.0,0,Médio
Joãa,45,F,,São Paulo,Desempregado,Doutorado,695,0,,0,Médio
Paula,37,F,3175.0,Rio de Janeiro,Autônomo,Graduação,614,0,38100.0,0,Médio
Pedra,43,F,121.0,São Paulo,Empregado,Doutorado,375,0,1452.0,0,Baixo
Carlo,41,M,7749.0,Porto Alegre,Empregado,Pós-graduação,429,1,92988.0,1,Baixo
Mariana,71,F,35.0,Rio de Janeiro,Empregado,Pós-graduação,421,0,420.0,0,Baixo
Luiz,69,M,66.0,Salvador,Desempregado,Doutorado,586,1,792.0,1,Médio
Ano,64,M,7549.0,São Paulo,Autônomo,Mestrado,717,1,90588.0,1,Alto
Maria,38,F,14794.0,São Paulo,Empregado,Doutorado,536,0,177528.0,0,Médio
João,71,M,7551.0,Rio de Janeiro,Empregado,Ensino Médio,387,1,90612.0,1,Baixo
Fernanda,47,F,123.0,Salvador,Empregado,Doutorado,620,0,1476.0,0,Médio
Fernando,21,M,,Salvador,Autônomo,Doutorado,768,1,,1,Alto
Pedro,53,M,7779.0,Rio de Janeiro,Autônomo,Mestrado,465,1,93348.0,1,Baixo
Mariano,57,M,3258.0,Salvador,Autônomo,Ensino Médio,598,1,39096.0,1,Médio
Paula,27,F,31.0,São Paulo,Autônomo,Pós-graduação,604,0,372.0,0,Médio
Joãa,27,F,42.0,Rio de Janeiro,Autônomo,Ensino Médio,405,0,504.0,0,Baixo
Maria,59,F,,Rio de Janeiro,Autônomo,Doutorado,320,0,,0,Baixo
Felipe,41,F,2594.0,Rio de Janeiro,Empregado,Pós-graduação,691,0,31128.0,0,Médio
Paulo,21,M,3486.0,Porto Alegre,Desempregado,Mestrado,420,1,41832.0,1,Baixo
Felipe,64,F,21.0,Rio de Janeiro,Empregado,Pós-graduação,729,0,252.0,0,Alto
Luiz,44,F,,Belo Horizonte,Desempregado,Mestrado,842,0,,0,Alto
Paulo,68,M,62.0,Belo Horizonte,Empregado,Doutorado,753,1,744.0,1,Alto
Fernando,62,M,8834.0,São Paulo,Empregado,Ensino Médio,449,1,106008.0,1,Baixo
Mariana,21,F,12274.0,Porto Alegre,Desempregado,Ensino Médio,497,0,147288.0,0,Baixo
Felipe,49,M,2986.0,Porto Alegre,Empregado,Ensino Médio,316,1,35832.0,1,Baixo
Felipe,27,F,715.0,Salvador,Desempregado,Ensino Médio,682,0,8580.0,0,Médio
Mario,28,M,4668.0,Rio de Janeiro,Desempregado,Ensino Médio,835,1,56016.0,1,Alto
Fernanda,45,F,5211.0,Belo Horizonte,Desempregado,Graduação,468,0,62532.0,0,Baixo
Fernando,63,M,120.0,Porto Alegre,Empregado,Doutorado,721,1,1440.0,1,Alto
Maria,25,F,8564.0,Belo Horizonte,Autônomo,Ensino Médio,667,0,102768.0,0,Médio
Luiz,57,M,5966.0,Belo Horizonte,Empregado,Ensino Médio,727,1,71592.0,1,Alto
Joãa,79,F,5249.0,Rio de Janeiro,Empregado,Mestrado,437,0,62988.0,0,Baixo
Fernanda,39,F,44.0,Belo Horizonte,Desempregado,Doutorado,736,0,528.0,0,Alto
Mariana,51,F,97.0,São Paulo,Desempregado,Mestrado,353,0,1164.0,0,Baixo
Pedra,62,F,7343.0,São Paulo,Autônomo,Ensino Médio,688,0,88116.0,0,Médio
Carla,52,F,,Porto Alegre,Desempregado,Doutorado,797,0,,0,Alto
Paula,52,F,7936.0,Porto Alegre,Autônomo,Doutorado,335,0,95232.0,0,Baixo
Pedro,42,M,6682.0,Salvador,Empregado,Doutorado,832,1,80184.0,1,Alto
Pedra,51,F,133.0,Belo Horizonte,Desempregado,Pós-graduação,562,0,1596.0,0,Médio
Felipe,23,M,7666.0,Porto Alegre,Empregado,Graduação,517,1,91992.0,1,Médio
Mariana,58,F,5532.0,Rio de Janeiro,Autônomo,Graduação,538,0,66384.0,0,Médio
João,54,M,41.0,Porto Alegre,Autônomo,Ensino Médio,697,1,492.0,1,Médio
Pedra,18,F,9463.0,São Paulo,Autônomo,Graduação,445,0,113556.0,0,Baixo
Ano,29,M,128.0,Belo Horizonte,Empregado,Doutorado,411,1,1536.0,1,Baixo
Maria,52,F,11738.0,São Paulo,Autônomo,Pós-graduação,642,0,140856.0,0,Médio
Carlo,23,M,962.0,Porto Alegre,Autônomo,Graduação,450,1,11544.0,1,Baixo
Carla,71,F,11593.0,Porto Alegre,Empregado,Graduação,447,0,139116.0,0,Baixo
Pedro,34,M,73.0,São Paulo,Empregado,Pós-graduação,585,1,876.0,1,Médio
Mario,26,M,75.0,Salvador,Autônomo,Mestrado,624,1,900.0,1,Médio
Felipe,79,M,3966.0,Salvador,Desempregado,Ensino Médio,768,1,47592.0,1,Alto
Carla,19,F,5123.0,Porto Alegre,Autônomo,Doutorado,665,0,61476.0,0,Médio
Pedro,35,M,8644.0,Salvador,Desempregado,Pós-graduação,763,1,103728.0,1,Alto
Pedra,66,F,141.0,São Paulo,Empregado,Mestrado,352,0,1692.0,0,Baixo
Maria,53,F,,Belo Horizonte,Empregado,Ensino Médio,620,0,,0,Médio
Joãa,74,F,5715.0,Porto Alegre,Empregado,Mestrado,829,0,68580.0,0,Alto
Fernanda,45,F,43.0,Rio de Janeiro,Empregado,Ensino Médio,723,0,516.0,0,Alto
Mariano,58,M,9949.0,Salvador,Empregado,Graduação,574,1,119388.0,1,Médio
Paula,70,F,,Salvador,Empregado,Pós-graduação,689,0,,0,Médio
Ano,54,M,6356.0,Rio de Janeiro,Empregado,Ensino Médio,614,1,76272.0,1,Médio
Maria,66,F,117.0,Rio de Janeiro,Desempregado,Pós-graduação,812,0,1404.0,0,Alto
Felipe,43,M,6689.0,São Paulo,Autônomo,Pós-graduação,847,1,80268.0,1,Alto
Felipe,21,F,5216.0,São Paulo,Autônomo,Mestrado,581,0,62592.0,0,Médio
Carla,57,F,,Salvador,Empregado,Doutorado,640,0,,0,Médio
João,78,M,856.0,Belo Horizonte,Empregado,Mestrado,749,1,10272.0,1,Alto
Maria,53,F,11483.0,São Paulo,Empregado,Mestrado,560,0,137796.0,0,Médio
Fernanda,68,F,342.0,São Paulo,Autônomo,Doutorado,521,0,4104.0,0,Médio
Luiz,48,F,5644.0,Porto Alegre,Desempregado,Doutorado,745,0,67728.0,0,Alto
Maria,47,F,11435.0,Porto Alegre,Desempregado,Mestrado,572,0,137220.0,0,Médio
Maria,67,F,6738.0,São Paulo,Desempregado,Pós-graduação,494,0,80856.0,0,Baixo
Luiz,51,F,,Belo Horizonte,Autônomo,Graduação,662,0,,0,Médio
Joãa,36,F,7192.0,Salvador,Desempregado,Doutorado,324,0,86304.0,0,Baixo
Ana,35,F,8438.0,Rio de Janeiro,Empregado,Graduação,705,0,101256.0,0,Alto
Fernando,47,M,3588.0,São Paulo,Empregado,Pós-graduação,820,1,43056.0,1,Alto
Paula,38,F,4392.0,Belo Horizonte,Autônomo,Doutorado,589,0,52704.0,0,Médio
Mariano,79,M,13157.0,Belo Horizonte,Desempregado,Ensino Médio,369,1,157884.0,1,Baixo
Ana,20,F,4463.0,Belo Horizonte,Autônomo,Ensino Médio,556,0,53556.0,0,Médio
Luiz,23,M,947.0,São Paulo,Autônomo,Mestrado,671,1,11364.0,1,Médio
Mario,55,M,5734.0,São Paulo,Desempregado,Graduação,562,1,68808.0,1,Médio
Ano,30,M,130.0,Belo Horizonte,Desempregado,Ensino Médio,698,1,1560.0,1,Médio
Felipe,62,F,11514.0,Belo Horizonte,Empregado,Mestrado,465,0,138168.0,0,Baixo
Maria,71,F,8331.0,São Paulo,Desempregado,Mestrado,648,0,99972.0,0,Médio
Mario,79,M,12975.0,Salvador,Desempregado,Mestrado,764,1,155700.0,1,Alto
Paula,20,F,23.0,São Paulo,Empregado,Pós-graduação,609,0,276.0,0,Médio
Mariana,65,F,89.0,Porto Alegre,Empregado,Graduação,329,0,1068.0,0,Baixo
Fernando,45,M,12834.0,Belo Horizonte,Empregado,Doutorado,422,1,154008.0,1,Baixo
Felipe,39,F,155.0,Salvador,Empregado,Mestrado,431,0,1860.0,0,Baixo
Ano,57,M,7913.0,Rio de Janeiro,Desempregado,Doutorado,374,1,94956.0,1,Baixo
Felipe,57,M,7945.0,São Paulo,Autônomo,Ensino Médio,597,1,95340.0,1,Médio
Luiz,29,F,9365.0,Belo Horizonte,Autônomo,Pós-graduação,723,0,112380.0,0,Alto
Felipe,40,M,8489.0,São Paulo,Autônomo,Doutorado,396,1,101868.0,1,Baixo
Pedra,48,F,21.0,Rio de Janeiro,Empregado,Mestrado,716,0,252.0,0,Alto
Joãa,35,F,12163.0,São Paulo,Desempregado,Pós-graduação,456,0,145956.0,0,Baixo
Fernanda,24,F,3339.0,Salvador,Autônomo,Mestrado,570,0,40068.0,0,Médio
Carla,25,F,3964.0,Rio de Janeiro,Desempregado,Pós-graduação,779,0,47568.0,0,Alto
Paulo,36,M,,Porto Alegre,Desempregado,Doutorado,657,1,,1,Médio
Mariana,46,F,,Porto Alegre,Empregado,Doutorado,527,0,,0,Médio
Maria,61,F,4677.0,Belo Horizonte,Empregado,Ensino Médio,637,0,56124.0,0,Médio
Mariana,37,F,6729.0,Porto Alegre,Desempregado,Graduação,617,0,80748.0,0,Médio
Mariano,67,M,8.0,São Paulo,Desempregado,Mestrado,590,1,96.0,1,Médio
Mario,59,M,114.0,Salvador,Desempregado,Mestrado,639,1,1368.0,1,Médio
Luiz,47,F,,Porto Alegre,Desempregado,Ensino Médio,798,0,,0,Alto
Luiz,64,F,5399.0,Belo Horizonte,Desempregado,Pós-graduação,752,0,64788.0,0,Alto
Felipe,39,F,14384.0,São Paulo,Desempregado,Pós-graduação,431,0,172608.0,0,Baixo
Carla,27,F,,Belo Horizonte,Empregado,Doutorado,413,0,,0,Baixo
Ana,43,F,2513.0,Belo Horizonte,Desempregado,Doutorado,334,0,30156.0,0,Baixo
Ano,68,M,5574.0,Salvador,Desempregado,Mestrado,511,1,66888.0,1,Médio
Pedra,50,F,9548.0,Salvador,Autônomo,Graduação,789,0,114576.0,0,Alto
Luiz,45,M,4413.0,Belo Horizonte,Autônomo,Mestrado,762,1,52956.0,1,Alto
Felipe,27,M,13382.0,Belo Horizonte,Autônomo,Pós-graduação,765,1,160584.0,1,Alto
Ana,46,F,9339.0,Porto Alegre,Empregado,Graduação,406,0,112068.0,0,Baixo
Mario,61,M,4522.0,Porto Alegre,Desempregado,Graduação,765,1,54264.0,1,Alto
Mariana,35,F,,Rio de Janeiro,Empregado,Ensino Médio,524,0,,0,Médio
João,59,M,4.0,Salvador,Desempregado,Doutorado,477,1,48.0,1,Baixo
Ano,76,M,3226.0,Porto Alegre,Empregado,Graduação,823,1,38712.0,1,Alto
Luiz,18,F,8229.0,Belo Horizonte,Empregado,Mestrado,622,0,98748.0,0,Médio
Carlo,40,M,13943.0,Porto Alegre,Empregado,Pós-graduação,496,1,167316.0,1,Baixo
Mariana,34,F,26.0,Rio de Janeiro,Empregado,Doutorado,597,0,312.0,0,Médio
Mariana,60,F,9659.0,Porto Alegre,Autônomo,Mestrado,487,0,115908.0,0,Baixo
Fernanda,54,F,6352.0,Belo Horizonte,Empregado,Pós-graduação,616,0,76224.0,0,Médio
Mariana,48,F,119.0,Porto Alegre,Empregado,Mestrado,637,0,1428.0,0,Médio
Ana,42,F,,Porto Alegre,Desempregado,Mestrado,505,0,,0,Médio
Ana,70,F,13276.0,Salvador,Desempregado,Doutorado,815,0,159312.0,0,Alto
Carlo,21,M,7339.0,Salvador,Autônomo,Pós-graduação,806,1,88068.0,1,Alto
Fernando,69,M,46.0,Rio de Janeiro,Empregado,Mestrado,607,1,552.0,1,Médio
Fernanda,26,F,623.0,Rio de Janeiro,Desempregado,Graduação,638,0,7476.0,0,Médio
Fernando,74,M,982.0,Porto Alegre,Empregado,Doutorado,408,1,11784.0,1,Baixo
Mario,45,M,,Salvador,Empregado,Ensino Médio,566,1,,1,Médio
Carla,47,F,122.0,Salvador,Empregado,Graduação,825,0,1464.0,0,Alto
Paulo,77,M,174.0,Porto Alegre,Desempregado,Pós-graduação,303,1,2088.0,1,Baixo
Ana,64,F,5396.0,Salvador,Desempregado,Graduação,440,0,64752.0,0,Baixo
Joãa,41,F,,São Paulo,Empregado,Mestrado,308,0,,0,Baixo
Pedro,50,M,28.0,Belo Horizonte,Empregado,Ensino Médio,715,1,336.0,1,Alto
Carla,37,F,5876.0,São Paulo,Empregado,Doutorado,599,0,70512.0,0,Médio
Luiz,26,F,14115.0,São Paulo,Desempregado,Ensino Médio,569,0,169380.0,0,Médio
Felipe,25,F,12412.0,São Paulo,Empregado,Graduação,627,0,148944.0,0,Médio
Joãa,41,F,913.0,Salvador,Autônomo,Ensino Médio,601,0,10956.0,0,Médio
Mario,31,M,124.0,Porto Alegre,Empregado,Pós-graduação,840,1,1488.0,1,Alto
Paula,76,F,3.0,Rio de Janeiro,Autônomo,Mestrado,638,0,36.0,0,Médio
João,35,M,454.0,Belo Horizonte,Desempregado,Mestrado,617,1,5448.0,1,Médio
Maria,74,F,,Belo Horizonte,Empregado,Pós-graduação,710,0,,0,Alto
Paulo,70,M,98.0,São Paulo,Desempregado,Mestrado,606,1,1176.0,1,Médio
Paulo,73,M,6173.0,Rio de Janeiro,Autônomo,Doutorado,827,1,74076.0,1,Alto
Mariana,18,F,4441.0,Porto Alegre,Desempregado,Mestrado,409,0,53292.0,0,Baixo
Carlo,29,M,2469.0,Rio de Janeiro,Desempregado,Mestrado,830,1,29628.0,1,Alto
Joãa,46,F,1.0,Rio de Janeiro,Desempregado,Graduação,839,0,12.0,0,Alto
Mariana,54,F,91.0,Belo Horizonte,Empregado,Ensino Médio,759,0,1092.0,0,Alto
Pedro,43,M,3188.0,Salvador,Desempregado,Mestrado,344,1,38256.0,1,Baixo
Fernando,50,M,476.0,São Paulo,Autônomo,Graduação,541,1,5712.0,1,Médio
Pedro,60,M,76.0,Salvador,Empregado,Pós-graduação,300,1,912.0,1,Baixo
Fernando,32,M,29.0,Belo Horizonte,Autônomo,Doutorado,834,1,348.0,1,Alto
Pedra,40,F,117.0,Rio de Janeiro,Autônomo,Pós-graduação,483,0,1404.0,0,Baixo
Luiz,46,M,4469.0,São Paulo,Empregado,Doutorado,581,1,53628.0,1,Médio
Fernanda,38,F,9111.0,Porto Alegre,Desempregado,Graduação,823,0,109332.0,0,Alto
Carlo,36,M,9255.0,Porto Alegre,Desempregado,Pós-graduação,679,1,111060.0,1,Médio
Mariano,22,M,3758.0,Rio de Janeiro,Desempregado,Graduação,485,1,45096.0,1,Baixo
Carla,40,F,49.0,Salvador,Desempregado,Doutorado,404,0,588.0,0,Baixo
Pedro,53,M,11731.0,Salvador,Desempregado,Mestrado,556,1,140772.0,1,Médio
Carla,76,F,2111.0,São Paulo,Autônomo,Graduação,848,0,25332.0,0,Alto
Carlo,37,M,8992.0,Belo Horizonte,Autônomo,Ensino Médio,505,1,107904.0,1,Médio
Mariano,25,M,3779.0,Salvador,Empregado,Mestrado,564,1,45348.0,1,Médio
Mariana,26,F,66.0,Porto Alegre,Desempregado,Mestrado,619,0,792.0,0,Médio
Maria,79,F,6914.0,Porto Alegre,Desempregado,Ensino Médio,694,0,82968.0,0,Médio
Felipe,31,F,3981.0,Porto Alegre,Desempregado,Pós-graduação,309,0,47772.0,0,Baixo
Maria,23,F,4538.0,Salvador,Autônomo,Ensino Médio,384,0,54456.0,0,Baixo
Carla,18,F,,Rio de Janeiro,Empregado,Mestrado,560,0,,0,Médio
Ana,26,F,3827.0,Salvador,Desempregado,Pós-graduação,743,0,45924.0,0,Alto
Pedra,33,F,1.0,Salvador,Empregado,Pós-graduação,339,0,12.0,0,Baixo
João,33,M,158.0,São Paulo,Autônomo,Doutorado,766,1,1896.0,1,Alto
Joãa,71,F,5441.0,Belo Horizonte,Desempregado,Ensino Médio,515,0,65292.0,0,Médio
Fernando,29,M,7479.0,Salvador,Autônomo,Mestrado,608,1,89748.0,1,Médio
Fernando,22,M,,Salvador,Desempregado,Graduação,655,1,,1,Médio
Ana,57,F,178.0,Belo Horizonte,Empregado,Doutorado,423,0,2136.0,0,Baixo
João,46,M,14485.0,Porto Alegre,Desempregado,Graduação,586,1,173820.0,1,Médio
Mario,63,M,8684.0,Belo Horizonte,Desempregado,Pós-graduação,303,1,104208.0,1,Baixo
Carla,44,F,319.0,Salvador,Autônomo,Mestrado,310,0,3828.0,0,Baixo
Mariano,28,M,363.0,Rio de Janeiro,Empregado,Mestrado,588,1,4356.0,1,Médio
Maria,70,F,11299.0,São Paulo,Empregado,Ensino Médio,449,0,135588.0,0,Baixo
Luiz,64,M,,São Paulo,Desempregado,Mestrado,410,1,,1,Baixo
Mariano,67,M,13466.0,Belo Horizonte,Autônomo,Mestrado,653,1,161592.0,1,Médio
Luiz,45,F,,Belo Horizonte,Desempregado,Ensino Médio,525,0,,0,Médio
Mario,69,M,3243.0,Porto Alegre,Autônomo,Ensino Médio,479,1,38916.0,1,Baixo
João,53,M,6835.0,São Paulo,Desempregado,Mestrado,504,1,82020.0,1,Médio
Maria,59,F,4912.0,Belo Horizonte,Desempregado,Mestrado,491,0,58944.0,0,Baixo
Joãa,36,F,14454.0,Salvador,Autônomo,Doutorado,750,0,173448.0,0,Alto
Pedro,71,M,8175.0,Salvador,Desempregado,Graduação,790,1,98100.0,1,Alto
Paulo,52,M,119.0,Rio de Janeiro,Empregado,Doutorado,778,1,1428.0,1,Alto
Pedra,69,F,86.0,Rio de Janeiro,Empregado,Doutorado,648,0,1032.0,0,Médio
Pedro,48,M,5454.0,Belo Horizonte,Autônomo,Pós-graduação,469,1,65448.0,1,Baixo
Ana,71,F,7945.0,Porto Alegre,Autônomo,Mestrado,313,0,95340.0,0,Baixo
Maria,76,F,9189.0,Porto Alegre,Desempregado,Doutorado,544,0,110268.0,0,Médio
Mariano,61,M,101.0,Porto Alegre,Desempregado,Mestrado,644,1,1212.0,1,Médio
Luiz,73,F,51.0,Porto Alegre,Empregado,Doutorado,714,0,612.0,0,Alto
Ana,78,F,5881.0,São Paulo,Autônomo,Pós-graduação,459,0,70572.0,0,Baixo
Ano,78,M,6971.0,Porto Alegre,Autônomo,Mestrado,332,1,83652.0,1,Baixo
Luiz,36,F,12595.0,Rio de Janeiro,Empregado,Graduação,477,0,151140.0,0,Baixo
Pedro,63,M,124.0,Rio de Janeiro,Autônomo,Pós-graduação,684,1,1488.0,1,Médio
Carlo,41,M,9831.0,São Paulo,Desempregado,Ensino Médio,836,1,117972.0,1,Alto
Mariano,19,M,,Belo Horizonte,Autônomo,Graduação,640,1,,1,Médio
Maria,24,F,4792.0,Salvador,Autônomo,Doutorado,661,0,57504.0,0,Médio
Luiz,60,M,79.0,Rio de Janeiro,Desempregado,Mestrado,519,1,948.0,1,Médio
João,71,M,2279.0,Rio de Janeiro,Desempregado,Mestrado,390,1,27348.0,1,Baixo
Mariano,66,M,11338.0,São Paulo,Empregado,Graduação,757,1,136056.0,1,Alto
João,48,M,5912.0,Rio de Janeiro,Empregado,Ensino Médio,646,1,70944.0,1,Médio
Carla,77,F,13817.0,Salvador,Empregado,Mestrado,725,0,165804.0,0,Alto
Felipe,34,F,59.0,São Paulo,Autônomo,Ensino Médio,459,0,708.0,0,Baixo
Felipe,44,M,2815.0,Porto Alegre,Desempregado,Ensino Médio,523,1,33780.0,1,Médio
Pedra,78,F,11871.0,Porto Alegre,Autônomo,Pós-graduação,564,0,142452.0,0,Médio
Felipe,53,F,81.0,Porto Alegre,Desempregado,Graduação,733,0,972.0,0,Alto
Luiz,76,F,4654.0,Salvador,Desempregado,Graduação,637,0,55848.0,0,Médio
Fernando,67,M,12213.0,Belo Horizonte,Autônomo,Graduação,685,1,146556.0,1,Médio
Pedra,60,F,,Rio de Janeiro,Autônomo,Doutorado,486,0,,0,Baixo
Carla,27,F,9934.0,Salvador,Autônomo,Graduação,585,0,119208.0,0,Médio
Felipe,62,F,2512.0,Belo Horizonte,Desempregado,Mestrado,545,0,30144.0,0,Médio
Felipe,31,F,49.0,São Paulo,Desempregado,Mestrado,508,0,588.0,0,Médio
Luiz,75,F,6829.0,Salvador,Autônomo,Graduação,384,0,81948.0,0,Baixo
Mariano,24,M,,São Paulo,Desempregado,Mestrado,592,1,,1,Médio
Maria,56,F,6383.0,Belo Horizonte,Desempregado,Pós-graduação,535,0,76596.0,0,Médio
Luiz,57,F,4845.0,Salvador,Autônomo,Doutorado,408,0,58140.0,0,Baixo
Luiz,26,M,81.0,Rio de Janeiro,Desempregado,Doutorado,571,1,972.0,1,Médio
Mariano,31,M,12179.0,Belo Horizonte,Empregado,Ensino Médio,313,1,146148.0,1,Baixo
Ano,74,M,93.0,Rio de Janeiro,Autônomo,Ensino Médio,529,1,1116.0,1,Médio
Pedro,25,M,11478.0,São Paulo,Empregado,Doutorado,602,1,137736.0,1,Médio
Carla,34,F,6329.0,Rio de Janeiro,Empregado,Graduação,430,0,75948.0,0,Baixo
Mariana,74,F,13749.0,Salvador,Empregado,Graduação,461,0,164988.0,0,Baixo
Pedra,40,F,6363.0,Salvador,Empregado,Pós-graduação,776,0,76356.0,0,Alto
Ana,74,F,59.0,Porto Alegre,Empregado,Doutorado,557,0,708.0,0,Médio
Paula,33,F,163.0,Rio de Janeiro,Empregado,Mestrado,710,0,1956.0,0,Alto
Felipe,43,M,6989.0,Porto Alegre,Autônomo,Mestrado,756,1,83868.0,1,Alto
Maria,26,F,11515.0,Belo Horizonte,Autônomo,Ensino Médio,639,0,138180.0,0,Médio
Mariano,53,M,8467.0,São Paulo,Desempregado,Doutorado,711,1,101604.0,1,Alto
Felipe,24,M,148.0,Belo Horizonte,Autônomo,Ensino Médio,450,1,1776.0,1,Baixo
Carlo,35,M,14763.0,São Paulo,Empregado,Pós-graduação,516,1,177156.0,1,Médio
Luiz,25,F,2511.0,Rio de Janeiro,Autônomo,Ensino Médio,664,0,30132.0,0,Médio
Pedra,38,F,4679.0,Salvador,Empregado,Pós-graduação,545,0,56148.0,0,Médio
Mario,43,M,6366.0,Rio de Janeiro,Empregado,Doutorado,842,1,76392.0,1,Alto
Luiz,20,M,,São Paulo,Autônomo,Pós-graduação,547,1,,1,Médio
Felipe,78,M,123.0,Porto Alegre,Empregado,Ensino Médio,520,1,1476.0,1,Médio
Paulo,34,M,2447.0,São Paulo,Empregado,Doutorado,368,1,29364.0,1,Baixo
Pedro,74,M,6469.0,Porto Alegre,Empregado,Ensino Médio,369,1,77628.0,1,Baixo
Carlo,68,M,43.0,Belo Horizonte,Empregado,Mestrado,472,1,516.0,1,Baixo
Pedra,63,F,9526.0,Salvador,Empregado,Graduação,641,0,114312.0,0,Médio
Mario,41,M,13991.0,Belo Horizonte,Autônomo,Pós-graduação,436,1,167892.0,1,Baixo
Luiz,42,M,12.0,Rio de Janeiro,Empregado,Pós-graduação,792,1,144.0,1,Alto
Pedro,22,M,4583.0,Porto Alegre,Autônomo,Graduação,422,1,54996.0,1,Baixo
Mario,54,M,74.0,Porto Alegre,Autônomo,Pós-graduação,668,1,888.0,1,Médio
Ano,62,M,53.0,Belo Horizonte,Autônomo,Pós-graduação,678,1,636.0,1,Médio
Paula,67,F,4881.0,Salvador,Autônomo,Mestrado,714,0,58572.0,0,Alto
João,41,M,4837.0,Salvador,Autônomo,Doutorado,588,1,58044.0,1,Médio
Carla,48,F,14729.0,Belo Horizonte,Empregado,Pós-graduação,641,0,176748.0,0,Médio
Mariano,72,M,4628.0,Salvador,Autônomo,Mestrado,485,1,55536.0,1,Baixo
Ano,43,M,9981.0,Rio de Janeiro,Autônomo,Pós-graduação,637,1,119772.0,1,Médio
Maria,38,F,,São Paulo,Desempregado,Doutorado,426,0,,0,Baixo
Carlo,51,M,,Porto Alegre,Autônomo,Mestrado,445,1,,1,Baixo
Luiz,55,F,6888.0,Porto Alegre,Autônomo,Pós-graduação,631,0,82656.0,0,Médio
Carla,75,F,12582.0,Porto Alegre,Desempregado,Mestrado,702,0,150984.0,0,Alto
Maria,45,F,13738.0,Rio de Janeiro,Empregado,Pós-graduação,599,0,164856.0,0,Médio
Joãa,47,F,57.0,Belo Horizonte,Autônomo,Ensino Médio,747,0,684.0,0,Alto
Paula,51,F,113.0,Salvador,Desempregado,Doutorado,654,0,1356.0,0,Médio
Luiz,69,M,,Salvador,Autônomo,Pós-graduação,671,1,,1,Médio
Ana,71,F,146.0,São Paulo,Empregado,Pós-graduação,397,0,1752.0,0,Baixo
Pedro,73,M,442.0,Porto Alegre,Autônomo,Ensino Médio,455,1,5304.0,1,Baixo
João,69,M,13858.0,Salvador,Empregado,Mestrado,525,1,166296.0,1,Médio
Ana,40,F,,Belo Horizonte,Empregado,Doutorado,695,0,,0,Médio
Pedra,72,F,,Salvador,Desempregado,Ensino Médio,537,0,,0,Médio
Ana,25,F,3565.0,Porto Alegre,Desempregado,Doutorado,794,0,42780.0,0,Alto
Fernando,59,M,2139.0,Belo Horizonte,Empregado,Pós-graduação,717,1,25668.0,1,Alto
Maria,67,F,12398.0,Porto Alegre,Autônomo,Doutorado,442,0,148776.0,0,Baixo
Pedra,27,F,519.0,Porto Alegre,Desempregado,Mestrado,666,0,6228.0,0,Médio
Mariano,72,M,5642.0,São Paulo,Desempregado,Graduação,515,1,67704.0,1,Médio
Fernanda,18,F,149.0,Porto Alegre,Empregado,Doutorado,833,0,1788.0,0,Alto
Mariano,37,M,8471.0,Belo Horizonte,Desempregado,Graduação,686,1,101652.0,1,Médio
Carla,74,F,857.0,São Paulo,Autônomo,Mestrado,528,0,10284.0,0,Médio
Mario,54,M,2492.0,São Paulo,Desempregado,Ensino Médio,794,1,29904.0,1,Alto
Paula,35,F,2822.0,Belo Horizonte,Autônomo,Doutorado,309,0,33864.0,0,Baixo
Carlo,38,M,7238.0,São Paulo,Empregado,Doutorado,685,1,86856.0,1,Médio
Fernanda,71,F,2339.0,Belo Horizonte,Empregado,Doutorado,557,0,28068.0,0,Médio
Fernanda,66,F,12413.0,Salvador,Desempregado,Doutorado,412,0,148956.0,0,Baixo
Pedro,21,M,31.0,São Paulo,Desempregado,Graduação,586,1,372.0,1,Médio
Mariana,60,F,24.0,Salvador,Empregado,Mestrado,846,0,288.0,0,Alto
Paula,19,F,9299.0,São Paulo,Desempregado,Graduação,310,0,111588.0,0,Baixo
Luiz,38,M,2884.0,Porto Alegre,Desempregado,Pós-graduação,549,1,34608.0,1,Médio
Mario,54,M,9124.0,Belo Horizonte,Autônomo,Pós-graduação,817,1,109488.0,1,Alto
Ana,22,F,81.0,Porto Alegre,Desempregado,Ensino Médio,598,0,972.0,0,Médio
Fernando,34,M,2851.0,Salvador,Empregado,Ensino Médio,498,1,34212.0,1,Baixo
Luiz,66,F,4297.0,Belo Horizonte,Empregado,Doutorado,405,0,51564.0,0,Baixo
Pedra,65,F,4597.0,Belo Horizonte,Empregado,Pós-graduação,817,0,55164.0,0,Alto
Mariano,28,M,8588.0,Salvador,Autônomo,Graduação,616,1,103056.0,1,Médio
João,63,M,2876.0,Belo Horizonte,Desempregado,Mestrado,308,1,34512.0,1,Baixo
Pedra,58,F,13993.0,Belo Horizonte,Autônomo,Pós-graduação,491,0,167916.0,0,Baixo
Carlo,48,M,11735.0,São Paulo,Empregado,Pós-graduação,509,1,140820.0,1,Médio
Carla,45,F,4.0,Rio de Janeiro,Empregado,Graduação,675,0,48.0,0,Médio
Carlo,61,M,,Porto Alegre,Empregado,Pós-graduação,431,1,,1,Baixo
Carla,49,F,64.0,Rio de Janeiro,Empregado,Graduação,666,0,768.0,0,Médio
Luiz,38,F,,Belo Horizonte,Autônomo,Graduação,800,0,,0,Alto
Joãa,24,F,9335.0,Rio de Janeiro,Empregado,Graduação,306,0,112020.0,0,Baixo
Paula,27,F,9713.0,São Paulo,Autônomo,Graduação,322,0,116556.0,0,Baixo
Luiz,78,F,33.0,Salvador,Desempregado,Pós-graduação,310,0,396.0,0,Baixo
Ana,45,F,149.0,Salvador,Desempregado,Pós-graduação,647,0,1788.0,0,Médio
Pedra,65,F,8345.0,Rio de Janeiro,Desempregado,Mestrado,796,0,100140.0,0,Alto
Paulo,53,M,8231.0,São Paulo,Autônomo,Ensino Médio,383,1,98772.0,1,Baixo
Pedro,37,M,7444.0,Salvador,Desempregado,Mestrado,814,1,89328.0,1,Alto
Mario,30,M,11222.0,Rio de Janeiro,Desempregado,Graduação,671,1,134664.0,1,Médio
Joãa,36,F,33.0,Rio de Janeiro,Empregado,Doutorado,627,0,396.0,0,Médio
Mariano,67,M,3394.0,Porto Alegre,Empregado,Mestrado,760,1,40728.0,1,Alto
Luiz,28,M,6863.0,São Paulo,Autônomo,Doutorado,479,1,82356.0,1,Baixo
João,52,M,13836.0,Porto Alegre,Autônomo,Doutorado,575,1,166032.0,1,Médio
Felipe,51,M,49.0,Rio de Janeiro,Desempregado,Pós-graduação,543,1,588.0,1,Médio
Fernanda,61,F,9156.0,Porto Alegre,Empregado,Graduação,426,0,109872.0,0,Baixo
Maria,21,F,9355.0,Porto Alegre,Empregado,Ensino Médio,583,0,112260.0,0,Médio
Pedro,30,M,5575.0,Rio de Janeiro,Desempregado,Ensino Médio,347,1,66900.0,1,Baixo
Maria,54,F,12698.0,Salvador,Desempregado,Ensino Médio,835,0,152376.0,0,Alto
Paula,76,F,6893.0,Belo Horizonte,Desempregado,Ensino Médio,436,0,82716.0,0,Baixo
Joãa,19,F,,Salvador,Autônomo,Ensino Médio,594,0,,0,Médio
Maria,67,F,118.0,São Paulo,Autônomo,Doutorado,558,0,1416.0,0,Médio
Felipe,18,F,,Salvador,Empregado,Doutorado,351,0,,0,Baixo
Luiz,57,M,93.0,Rio de Janeiro,Empregado,Doutorado,368,1,1116.0,1,Baixo
Maria,42,F,13651.0,Porto Alegre,Empregado,Graduação,737,0,163812.0,0,Alto
Carlo,76,M,,São Paulo,Autônomo,Mestrado,362,1,,1,Baixo
Luiz,54,F,11877.0,São Paulo,Empregado,Pós-graduação,666,0,142524.0,0,Médio
Fernando,53,M,5334.0,São Paulo,Empregado,Doutorado,717,1,64008.0,1,Alto
Felipe,23,M,,Porto Alegre,Empregado,Graduação,388,1,,1,Baixo
Felipe,24,F,53.0,Salvador,Autônomo,Graduação,520,0,636.0,0,Médio
Fernando,21,M,49.0,Porto Alegre,Autônomo,Pós-graduação,553,1,588.0,1,Médio
Pedra,52,F,153.0,Belo Horizonte,Desempregado,Ensino Médio,472,0,1836.0,0,Baixo
Ano,75,M,14736.0,São Paulo,Empregado,Graduação,542,1,176832.0,1,Médio
Pedro,58,M,12627.0,Rio de Janeiro,Autônomo,Mestrado,672,1,151524.0,1,Médio
Maria,78,F,8949.0,Porto Alegre,Empregado,Mestrado,661,0,107388.0,0,Médio
Mariano,51,M,30.0,São Paulo,Autônomo,Mestrado,381,1,360.0,1,Baixo
Felipe,46,F,9627.0,Porto Alegre,Desempregado,Graduação,464,0,115524.0,0,Baixo
Felipe,22,M,4699.0,Porto Alegre,Autônomo,Graduação,696,1,56388.0,1,Médio
Carla,44,F,122.0,Salvador,Autônomo,Graduação,487,0,1464.0,0,Baixo
Felipe,50,M,9478.0,Porto Alegre,Empregado,Graduação,777,1,113736.0,1,Alto
Mario,74,M,11733.0,Rio de Janeiro,Empregado,Mestrado,842,1,140796.0,1,Alto
Fernanda,63,F,125.0,Belo Horizonte,Empregado,Pós-graduação,654,0,1500.0,0,Médio
Paula,69,F,99.0,Belo Horizonte,Autônomo,Pós-graduação,767,0,1188.0,0,Alto
Luiz,27,M,61.0,Porto Alegre,Empregado,Graduação,843,1,732.0,1,Alto
Mariana,71,F,9758.0,Porto Alegre,Empregado,Mestrado,533,0,117096.0,0,Médio
Luiz,23,M,11449.0,Porto Alegre,Desempregado,Pós-graduação,307,1,137388.0,1,Baixo
Pedro,51,M,,Belo Horizonte,Empregado,Mestrado,369,1,,1,Baixo
João,25,M,,Porto Alegre,Empregado,Graduação,633,1,,1,Médio
Paula,79,F,54.0,Salvador,Autônomo,Graduação,782,0,648.0,0,Alto
Maria,48,F,5938.0,Porto Alegre,Desempregado,Doutorado,730,0,71256.0,0,Alto
Joãa,26,F,11987.0,Rio de Janeiro,Empregado,Graduação,844,0,143844.0,0,Alto
Mario,72,M,2128.0,Rio de Janeiro,Empregado,Mestrado,332,1,25536.0,1,Baixo
Mario,38,M,3885.0,Belo Horizonte,Autônomo,Graduação,840,1,46620.0,1,Alto
Pedro,25,M,125.0,Rio de Janeiro,Empregado,Ensino Médio,312,1,1500.0,1,Baixo
Maria,21,F,32.0,Belo Horizonte,Empregado,Doutorado,393,0,384.0,0,Baixo
Mario,39,M,5967.0,Rio de Janeiro,Empregado,Graduação,374,1,71604.0,1,Baixo
Carla,45,F,12867.0,Belo Horizonte,Desempregado,Graduação,355,0,154404.0,0,Baixo
Carla,62,F,13197.0,São Paulo,Desempregado,Doutorado,605,0,158364.0,0,Médio
Carla,21,F,42.0,Rio de Janeiro,Desempregado,Ensino Médio,807,0,504.0,0,Alto
Paula,56,F,72.0,Porto Alegre,Empregado,Doutorado,319,0,864.0,0,Baixo
Felipe,38,F,149.0,Belo Horizonte,Autônomo,Mestrado,514,0,1788.0,0,Médio
Fernando,25,M,4461.0,Belo Horizonte,Autônomo,Mestrado,707,1,53532.0,1,Alto
Mariano,37,M,3627.0,Salvador,Empregado,Ensino Médio,842,1,43524.0,1,Alto
Paulo,49,M,,São Paulo,Autônomo,Graduação,736,1,,1,Alto
Felipe,18,M,9155.0,São Paulo,Autônomo,Doutorado,798,1,109860.0,1,Alto
Paula,23,F,11444.0,Porto Alegre,Autônomo,Pós-graduação,486,0,137328.0,0,Baixo
Carla,45,F,3211.0,Belo Horizonte,Desempregado,Ensino Médio,552,0,38532.0,0,Médio
Mariana,61,F,,São Paulo,Autônomo,Doutorado,315,0,,0,Baixo
Felipe,48,M,7854.0,São Paulo,Desempregado,Doutorado,378,1,94248.0,1,Baixo
João,27,M,11829.0,Salvador,Empregado,Ensino Médio,495,1,141948.0,1,Baixo
Fernanda,37,F,96.0,Porto Alegre,Empregado,Pós-graduação,370,0,1152.0,0,Baixo
Felipe,25,M,11935.0,Porto Alegre,Autônomo,Mestrado,507,1,143220.0,1,Médio
Carlo,39,M,13137.0,São Paulo,Desempregado,Mestrado,479,1,157644.0,1,Baixo
Fernando,55,M,13241.0,Rio de Janeiro,Desempregado,Graduação,486,1,158892.0,1,Baixo
Ana,46,F,88.0,Salvador,Empregado,Graduação,838,0,1056.0,0,Alto
Fernando,26,M,3773.0,Rio de Janeiro,Desempregado,Mestrado,648,1,45276.0,1,Médio
Felipe,61,F,9697.0,Salvador,Empregado,Pós-graduação,617,0,116364.0,0,Médio
Mario,64,M,32.0,Rio de Janeiro,Autônomo,Ensino Médio,805,1,384.0,1,Alto
Pedra,18,F,12165.0,Porto Alegre,Desempregado,Doutorado,391,0,145980.0,0,Baixo
Luiz,58,M,4674.0,Belo Horizonte,Empregado,Graduação,724,1,56088.0,1,Alto
Ano,69,M,13439.0,Porto Alegre,Desempregado,Mestrado,460,1,161268.0,1,Baixo
Luiz,56,F,,São Paulo,Empregado,Doutorado,413,0,,0,Baixo
Mariana,43,F,459.0,Rio de Janeiro,Autônomo,Ensino Médio,698,0,5508.0,0,Médio
Carla,28,F,3929.0,São Paulo,Desempregado,Ensino Médio,645,0,47148.0,0,Médio
Luiz,69,M,148.0,Porto Alegre,Desempregado,Graduação,780,1,1776.0,1,Alto
Carla,52,F,14214.0,Rio de Janeiro,Desempregado,Graduação,568,0,170568.0,0,Médio
João,77,M,2947.0,Salvador,Desempregado,Pós-graduação,615,1,35364.0,1,Médio
Carla,41,F,14335.0,Belo Horizonte,Empregado,Ensino Médio,726,0,172020.0,0,Alto
Pedro,50,M,964.0,Porto Alegre,Autônomo,Mestrado,697,1,11568.0,1,Médio
Mario,37,M,13761.0,Porto Alegre,Autônomo,Ensino Médio,736,1,165132.0,1,Alto
Mario,44,M,14934.0,Belo Horizonte,Empregado,Ensino Médio,478,1,179208.0,1,Baixo
Maria,32,F,13638.0,Porto Alegre,Autônomo,Pós-graduação,420,0,163656.0,0,Baixo
Paulo,50,M,50.0,Rio de Janeiro,Desempregado,Ensino Médio,771,1,600.0,1,Alto
Pedra,69,F,,Rio de Janeiro,Autônomo,Mestrado,776,0,,0,Alto
Fernando,24,M,2492.0,Porto Alegre,Desempregado,Pós-graduação,482,1,29904.0,1,Baixo
João,51,M,105.0,Rio de Janeiro,Desempregado,Ensino Médio,677,1,1260.0,1,Médio
Carlo,62,M,146.0,Porto Alegre,Desempregado,Graduação,362,1,1752.0,1,Baixo
Carlo,77,M,12437.0,Porto Alegre,Desempregado,Doutorado,566,1,149244.0,1,Médio
Pedra,75,F,25.0,Salvador,Empregado,Ensino Médio,396,0,300.0,0,Baixo
Luiz,68,M,3253.0,Belo Horizonte,Autônomo,Mestrado,354,1,39036.0,1,Baixo
Mariano,63,M,2362.0,Rio de Janeiro,Desempregado,Mestrado,817,1,28344.0,1,Alto
Fernanda,59,F,45.0,Belo Horizonte,Desempregado,Graduação,347,0,540.0,0,Baixo
Mariano,22,M,,Salvador,Empregado,Ensino Médio,794,1,,1,Alto
Ana,75,F,81.0,São Paulo,Autônomo,Ensino Médio,711,0,972.0,0,Alto
Carla,47,F,147.0,Porto Alegre,Empregado,Ensino Médio,645,0,1764.0,0,Médio
Felipe,45,M,2395.0,Rio de Janeiro,Desempregado,Mestrado,717,1,28740.0,1,Alto
Pedro,35,M,5377.0,São Paulo,Desempregado,Pós-graduação,635,1,64524.0,1,Médio
Fernanda,53,F,64.0,São Paulo,Autônomo,Pós-graduação,718,0,768.0,0,Alto
Ana,20,F,11731.0,Rio de Janeiro,Empregado,Graduação,743,0,140772.0,0,Alto
Ana,38,F,,São Paulo,Autônomo,Mestrado,369,0,,0,Baixo
Fernanda,63,F,5897.0,Porto Alegre,Desempregado,Doutorado,372,0,70764.0,0,Baixo
Pedra,75,F,56.0,Porto Alegre,Empregado,Graduação,530,0,672.0,0,Médio
Joãa,33,F,14217.0,Porto Alegre,Desempregado,Pós-graduação,787,0,170604.0,0,Alto
Ana,73,F,2131.0,Salvador,Autônomo,Doutorado,300,0,25572.0,0,Baixo
Ana,54,F,54.0,São Paulo,Desempregado,Graduação,835,0,648.0,0,Alto
Luiz,59,M,91.0,Porto Alegre,Empregado,Graduação,808,1,1092.0,1,Alto
Carla,22,F,76.0,Salvador,Desempregado,Mestrado,458,0,912.0,0,Baixo
João,67,M,12151.0,Porto Alegre,Autônomo,Ensino Médio,374,1,145812.0,1,Baixo
João,68,M,12197.0,Porto Alegre,Desempregado,Pós-graduação,574,1,146364.0,1,Médio
Luiz,31,F,6253.0,Rio de Janeiro,Desempregado,Pós-graduação,788,0,75036.0,0,Alto
Carla,48,F,,Porto Alegre,Autônomo,Ensino Médio,583,0,,0,Médio
Luiz,63,M,14355.0,Porto Alegre,Autônomo,Doutorado,607,1,172260.0,1,Médio
Pedro,41,M,11784.0,Porto Alegre,Desempregado,Doutorado,726,1,141408.0,1,Alto
Paula,52,F,8347.0,Porto Alegre,Autônomo,Doutorado,786,0,100164.0,0,Alto
Paula,53,F,9543.0,Porto Alegre,Empregado,Ensino Médio,637,0,114516.0,0,Médio
Carla,27,F,7199.0,Belo Horizonte,Desempregado,Mestrado,552,0,86388.0,0,Médio
Joãa,44,F,12541.0,Belo Horizonte,Autônomo,Mestrado,675,0,150492.0,0,Médio
Fernando,73,M,6698.0,Salvador,Desempregado,Graduação,469,1,80376.0,1,Baixo
Ano,44,M,4127.0,Salvador,Empregado,Pós-graduação,536,1,49524.0,1,Médio
Mario,72,M,9393.0,Salvador,Empregado,Ensino Médio,796,1,112716.0,1,Alto
João,40,M,7131.0,Belo Horizonte,Autônomo,Mestrado,417,1,85572.0,1,Baixo
Fernando,30,M,9671.0,Salvador,Desempregado,Pós-graduação,516,1,116052.0,1,Médio
Carlo,33,M,12373.0,Rio de Janeiro,Empregado,Doutorado,515,1,148476.0,1,Médio
Pedro,52,M,2926.0,São Paulo,Empregado,Ensino Médio,635,1,35112.0,1,Médio
Fernanda,44,F,134.0,Rio de Janeiro,Desempregado,Pós-graduação,321,0,1608.0,0,Baixo
Luiz,69,F,34.0,São Paulo,Empregado,Mestrado,360,0,408.0,0,Baixo
Joãa,56,F,,São Paulo,Empregado,Doutorado,329,0,,0,Baixo
Ana,64,F,736.0,Porto Alegre,Empregado,Graduação,834,0,8832.0,0,Alto
João,34,M,5877.0,Salvador,Empregado,Graduação,324,1,70524.0,1,Baixo
Carlo,79,M,9339.0,São Paulo,Empregado,Graduação,367,1,112068.0,1,Baixo
Felipe,78,F,829.0,Porto Alegre,Autônomo,Mestrado,635,0,9948.0,0,Médio
Fernando,65,M,14845.0,Rio de Janeiro,Empregado,Ensino Médio,792,1,178140.0,1,Alto
Mario,76,M,8429.0,Porto Alegre,Empregado,Pós-graduação,442,1,101148.0,1,Baixo
Mariano,58,M,22.0,São Paulo,Desempregado,Mestrado,381,1,264.0,1,Baixo
Paulo,18,M,11371.0,Porto Alegre,Desempregado,Pós-graduação,661,1,136452.0,1,Médio
Luiz,28,F,107.0,Porto Alegre,Autônomo,Mestrado,540,0,1284.0,0,Médio
Ana,29,F,,Rio de Janeiro,Autônomo,Doutorado,511,0,,0,Médio
Paula,31,F,318.0,Rio de Janeiro,Empregado,Mestrado,382,0,3816.0,0,Baixo
Ana,25,F,8216.0,São Paulo,Desempregado,Graduação,663,0,98592.0,0,Médio
Carlo,48,M,7195.0,Porto Alegre,Empregado,Ensino Médio,685,1,86340.0,1,Médio
Fernanda,24,F,12337.0,Belo Horizonte,Desempregado,Pós-graduação,820,0,148044.0,0,Alto
Luiz,63,M,5278.0,Porto Alegre,Autônomo,Doutorado,843,1,63336.0,1,Alto
Joãa,71,F,13814.0,São Paulo,Empregado,Graduação,570,0,165768.0,0,Médio
João,48,M,13531.0,Belo Horizonte,Empregado,Doutorado,506,1,162372.0,1,Médio
Mariana,33,F,55.0,Porto Alegre,Autônomo,Pós-graduação,704,0,660.0,0,Alto
Mario,59,M,3782.0,Rio de Janeiro,Desempregado,Mestrado,446,1,45384.0,1,Baixo
Paulo,56,M,25.0,São Paulo,Autônomo,Ensino Médio,463,1,300.0,1,Baixo
Mario,71,M,8176.0,Porto Alegre,Empregado,Graduação,659,1,98112.0,1,Médio
Carlo,61,M,116.0,Rio de Janeiro,Desempregado,Ensino Médio,493,1,1392.0,1,Baixo
Fernando,36,M,98.0,São Paulo,Empregado,Pós-graduação,549,1,1176.0,1,Médio
Mariano,25,M,11414.0,Belo Horizonte,Autônomo,Doutorado,708,1,136968.0,1,Alto
Ano,46,M,84.0,Belo Horizonte,Desempregado,Ensino Médio,594,1,1008.0,1,Médio
Mario,19,M,3686.0,São Paulo,Empregado,Doutorado,341,1,44232.0,1,Baixo
Mario,59,M,11339.0,Rio de Janeiro,Desempregado,Ensino Médio,484,1,136068.0,1,Baixo
Mariana,20,F,,Belo Horizonte,Desempregado,Pós-graduação,796,0,,0,Alto
Fernanda,68,F,6564.0,São Paulo,Desempregado,Doutorado,631,0,78768.0,0,Médio
Felipe,46,F,12.0,Porto Alegre,Desempregado,Ensino Médio,733,0,144.0,0,Alto
Luiz,32,F,11791.0,São Paulo,Autônomo,Ensino Médio,670,0,141492.0,0,Médio
Luiz,55,F,6868.0,São Paulo,Empregado,Pós-graduação,539,0,82416.0,0,Médio
Ano,45,M,14977.0,São Paulo,Empregado,Doutorado,665,1,179724.0,1,Médio
Pedra,72,F,69.0,Rio de Janeiro,Empregado,Ensino Médio,585,0,828.0,0,Médio
Felipe,54,F,11373.0,Salvador,Autônomo,Graduação,421,0,136476.0,0,Baixo
Mario,49,M,7823.0,Porto Alegre,Empregado,Pós-graduação,838,1,93876.0,1,Alto
Mariana,47,F,23.0,Rio de Janeiro,Desempregado,Ensino Médio,503,0,276.0,0,Médio
Ana,68,F,9379.0,São Paulo,Empregado,Pós-graduação,405,0,112548.0,0,Baixo
Paulo,78,M,552.0,Porto Alegre,Desempregado,Mestrado,755,1,6624.0,1,Alto
Fernanda,64,F,8234.0,Rio de Janeiro,Desempregado,Ensino Médio,672,0,98808.0,0,Médio
Pedra,47,F,132.0,Belo Horizonte,Desempregado,Graduação,519,0,1584.0,0,Médio
Pedro,68,M,777.0,Porto Alegre,Autônomo,Mestrado,563,1,9324.0,1,Médio
Felipe,51,M,66.0,Salvador,Empregado,Pós-graduação,739,1,792.0,1,Alto
Felipe,30,M,12463.0,Salvador,Autônomo,Doutorado,512,1,149556.0,1,Médio
Ano,50,M,5934.0,Porto Alegre,Desempregado,Doutorado,701,1,71208.0,1,Alto
Carla,59,F,101.0,Porto Alegre,Empregado,Pós-graduação,374,0,1212.0,0,Baixo
Ana,34,F,11927.0,São Paulo,Autônomo,Doutorado,712,0,143124.0,0,Alto
Ana,20,F,9992.0,São Paulo,Autônomo,Doutorado,555,0,119904.0,0,Médio
Mario,26,M,393.0,São Paulo,Desempregado,Graduação,361,1,4716.0,1,Baixo
Felipe,69,F,11948.0,Porto Alegre,Desempregado,Mestrado,497,0,143376.0,0,Baixo
Carlo,79,M,179.0,Salvador,Desempregado,Ensino Médio,772,1,2148.0,1,Alto
Ana,28,F,96.0,Belo Horizonte,Empregado,Mestrado,610,0,1152.0,0,Médio
Carlo,66,M,14663.0,Salvador,Autônomo,Pós-graduação,739,1,175956.0,1,Alto
Mariana,44,F,15.0,São Paulo,Desempregado,Graduação,749,0,180.0,0,Alto
Mariana,45,F,8773.0,Rio de Janeiro,Autônomo,Pós-graduação,568,0,105276.0,0,Médio
Ano,74,M,12819.0,Salvador,Desempregado,Mestrado,709,1,153828.0,1,Alto
Fernando,74,M,57.0,São Paulo,Autônomo,Graduação,625,1,684.0,1,Médio
Fernando,19,M,9879.0,Porto Alegre,Desempregado,Graduação,376,1,118548.0,1,Baixo
Ana,18,F,4366.0,Belo Horizonte,Autônomo,Mestrado,712,0,52392.0,0,Alto
Luiz,23,F,4341.0,Rio de Janeiro,Empregado,Ensino Médio,800,0,52092.0,0,Alto
Fernando,42,M,,Salvador,Empregado,Mestrado,584,1,,1,Médio
Paulo,52,M,9777.0,São Paulo,Empregado,Graduação,311,1,117324.0,1,Baixo
Ano,33,M,,Salvador,Desempregado,Graduação,404,1,,1,Baixo
Paulo,21,M,9644.0,Belo Horizonte,Desempregado,Ensino Médio,684,1,115728.0,1,Médio
Maria,78,F,,Rio de Janeiro,Autônomo,Ensino Médio,408,0,,0,Baixo
Ano,64,M,14849.0,Salvador,Autônomo,Pós-graduação,711,1,178188.0,1,Alto
Fernando,55,M,4312.0,Belo Horizonte,Empregado,Pós-graduação,484,1,51744.0,1,Baixo
Joãa,61,F,119.0,Rio de Janeiro,Desempregado,Graduação,379,0,1428.0,0,Baixo
Paula,37,F,7442.0,Salvador,Desempregado,Pós-graduação,572,0,89304.0,0,Médio
Felipe,42,M,7182.0,São Paulo,Desempregado,Ensino Médio,646,1,86184.0,1,Médio
Pedra,24,F,,Belo Horizonte,Desempregado,Pós-graduação,837,0,,0,Alto
Pedro,38,M,79.0,São Paulo,Empregado,Pós-graduação,616,1,948.0,1,Médio
Fernanda,24,F,14482.0,Belo Horizonte,Desempregado,Graduação,703,0,173784.0,0,Alto
Fernanda,46,F,8559.0,São Paulo,Desempregado,Mestrado,786,0,102708.0,0,Alto
Pedro,69,M,5466.0,São Paulo,Empregado,Mestrado,407,1,65592.0,1,Baixo
Joãa,24,F,6116.0,Salvador,Empregado,Doutorado,746,0,73392.0,0,Alto
Carlo,20,M,11316.0,Salvador,Autônomo,Doutorado,468,1,135792.0,1,Baixo
Pedro,46,M,72.0,São Paulo,Empregado,Graduação,624,1,864.0,1,Médio
Felipe,46,F,54.0,Belo Horizonte,Autônomo,Graduação,443,0,648.0,0,Baixo
Luiz,56,F,52.0,Salvador,Empregado,Mestrado,321,0,624.0,0,Baixo
Fernando,55,M,647.0,Salvador,Empregado,Graduação,575,1,7764.0,1,Médio
Joãa,77,F,3925.0,São Paulo,Desempregado,Ensino Médio,324,0,47100.0,0,Baixo
Fernanda,23,F,5342.0,Belo Horizonte,Desempregado,Graduação,453,0,64104.0,0,Baixo
Ana,63,F,,São Paulo,Empregado,Pós-graduação,481,0,,0,Baixo
João,27,M,27.0,Porto Alegre,Desempregado,Graduação,819,1,324.0,1,Alto
Carla,54,F,13215.0,São Paulo,Autônomo,Mestrado,704,0,158580.0,0,Alto
Ana,72,F,2819.0,Belo Horizonte,Empregado,Ensino Médio,515,0,33828.0,0,Médio
Ano,31,M,90.0,Salvador,Autônomo,Doutorado,746,1,1080.0,1,Alto
Maria,39,F,599.0,Salvador,Empregado,Ensino Médio,443,0,7188.0,0,Baixo
Fernando,77,M,7881.0,Rio de Janeiro,Empregado,Ensino Médio,663,1,94572.0,1,Médio
Fernando,49,M,151.0,São Paulo,Empregado,Pós-graduação,522,1,1812.0,1,Médio
João,35,M,68.0,Salvador,Empregado,Ensino Médio,396,1,816.0,1,Baixo
Mariano,53,M,123.0,Porto Alegre,Empregado,Graduação,790,1,1476.0,1,Alto
Felipe,63,F,99.0,Salvador,Desempregado,Mestrado,323,0,1188.0,0,Baixo
Pedro,69,M,,Porto Alegre,Autônomo,Ensino Médio,364,1,,1,Baixo
Ano,76,M,4556.0,Salvador,Empregado,Ensino Médio,570,1,54672.0,1,Médio
Paulo,26,M,78.0,Salvador,Desempregado,Graduação,775,1,936.0,1,Alto
Joãa,43,F,148.0,Belo Horizonte,Empregado,Ensino Médio,800,0,1776.0,0,Alto
Luiz,39,M,13964.0,Salvador,Empregado,Doutorado,505,1,167568.0,1,Médio
Fernando,63,M,7156.0,Porto Alegre,Autônomo,Ensino Médio,593,1,85872.0,1,Médio
Ano,55,M,27.0,Belo Horizonte,Empregado,Ensino Médio,654,1,324.0,1,Médio
Mario,40,M,254.0,Salvador,Autônomo,Ensino Médio,686,1,3048.0,1,Médio
Ano,34,M,3477.0,Belo Horizonte,Empregado,Doutorado,414,1,41724.0,1,Baixo
Fernando,43,M,2442.0,Salvador,Desempregado,Doutorado,653,1,29304.0,1,Médio
Carlo,64,M,6684.0,Rio de Janeiro,Empregado,Doutorado,803,1,80208.0,1,Alto
Mario,73,M,13794.0,Belo Horizonte,Desempregado,Doutorado,506,1,165528.0,1,Médio
Carlo,55,M,12624.0,Porto Alegre,Desempregado,Ensino Médio,600,1,151488.0,1,Médio
Fernando,19,M,25.0,Rio de Janeiro,Desempregado,Graduação,327,1,300.0,1,Baixo
Carlo,23,M,2717.0,Salvador,Desempregado,Mestrado,707,1,32604.0,1,Alto
Fernando,24,M,11818.0,Salvador,Empregado,Mestrado,399,1,141816.0,1,Baixo
Maria,30,F,96.0,Rio de Janeiro,Empregado,Ensino Médio,371,0,1152.0,0,Baixo
Pedra,44,F,5139.0,São Paulo,Desempregado,Pós-graduação,357,0,61668.0,0,Baixo
Paulo,28,M,3897.0,Rio de Janeiro,Desempregado,Mestrado,803,1,46764.0,1,Alto
Ana,77,F,8545.0,Porto Alegre,Autônomo,Doutorado,485,0,102540.0,0,Baixo
Carla,72,F,26.0,Salvador,Empregado,Pós-graduação,531,0,312.0,0,Médio
Maria,32,F,11965.0,Belo Horizonte,Autônomo,Graduação,566,0,143580.0,0,Médio
Mariano,26,M,6621.0,São Paulo,Desempregado,Pós-graduação,308,1,79452.0,1,Baixo
Paula,25,F,13696.0,Belo Horizonte,Autônomo,Graduação,725,0,164352.0,0,Alto
Paula,63,F,7.0,Rio de Janeiro,Autônomo,Pós-graduação,341,0,84.0,0,Baixo
Mariano,23,M,,Salvador,Desempregado,Mestrado,553,1,,1,Médio
Felipe,65,F,13281.0,Porto Alegre,Autônomo,Doutorado,651,0,159372.0,0,Médio
Fernanda,77,F,8364.0,Rio de Janeiro,Autônomo,Graduação,401,0,100368.0,0,Baixo
Mariana,60,F,583.0,Rio de Janeiro,Empregado,Graduação,577,0,6996.0,0,Médio
Joãa,21,F,12522.0,Belo Horizonte,Desempregado,Pós-graduação,302,0,150264.0,0,Baixo
Mario,28,M,8417.0,Belo Horizonte,Empregado,Doutorado,539,1,101004.0,1,Médio
Fernanda,68,F,8852.0,Salvador,Empregado,Ensino Médio,716,0,106224.0,0,Alto
João,75,M,7675.0,Belo Horizonte,Desempregado,Graduação,424,1,92100.0,1,Baixo
Felipe,45,F,12671.0,São Paulo,Autônomo,Doutorado,493,0,152052.0,0,Baixo
Paula,43,F,13998.0,Salvador,Desempregado,Ensino Médio,609,0,167976.0,0,Médio
Carla,21,F,8269.0,Porto Alegre,Desempregado,Graduação,674,0,99228.0,0,Médio
Maria,79,F,3372.0,São Paulo,Desempregado,Doutorado,659,0,40464.0,0,Médio
Maria,32,F,5577.0,Rio de Janeiro,Desempregado,Graduação,352,0,66924.0,0,Baixo
Mario,36,M,,Belo Horizonte,Autônomo,Mestrado,534,1,,1,Médio
Felipe,23,M,57.0,Porto Alegre,Empregado,Doutorado,675,1,684.0,1,Médio
Carlo,76,M,9963.0,Salvador,Autônomo,Pós-graduação,504,1,119556.0,1,Médio
Mariana,22,F,12246.0,Belo Horizonte,Empregado,Pós-graduação,729,0,146952.0,0,Alto
Paulo,35,M,23.0,São Paulo,Desempregado,Ensino Médio,572,1,276.0,1,Médio
Luiz,23,F,4741.0,Rio de Janeiro,Autônomo,Mestrado,623,0,56892.0,0,Médio
Mario,48,M,14151.0,Rio de Janeiro,Desempregado,Ensino Médio,514,1,169812.0,1,Médio
Mario,42,M,12266.0,Belo Horizonte,Desempregado,Pós-graduação,433,1,147192.0,1,Baixo
Paulo,21,M,57.0,Salvador,Desempregado,Doutorado,404,1,684.0,1,Baixo
Luiz,23,F,6811.0,Salvador,Autônomo,Mestrado,488,0,81732.0,0,Baixo
Carlo,58,M,3117.0,Belo Horizonte,Desempregado,Graduação,645,1,37404.0,1,Médio
Felipe,54,F,6529.0,Belo Horizonte,Empregado,Graduação,326,0,78348.0,0,Baixo
Fernando,76,M,6573.0,Belo Horizonte,Desempregado,Doutorado,522,1,78876.0,1,Médio
Fernanda,67,F,4935.0,Porto Alegre,Autônomo,Pós-graduação,581,0,59220.0,0,Médio
Luiz,73,F,8584.0,Belo Horizonte,Autônomo,Ensino Médio,583,0,103008.0,0,Médio
Paula,42,F,125.0,Porto Alegre,Desempregado,Pós-graduação,492,0,1500.0,0,Baixo
Paula,51,F,14727.0,São Paulo,Empregado,Doutorado,757,0,176724.0,0,Alto
Felipe,36,F,343.0,Belo Horizonte,Desempregado,Pós-graduação,506,0,4116.0,0,Médio
Maria,51,F,4745.0,Belo Horizonte,Autônomo,Ensino Médio,745,0,56940.0,0,Alto
Carla,32,F,7769.0,Salvador,Desempregado,Ensino Médio,707,0,93228.0,0,Alto
Mariana,67,F,4688.0,Belo Horizonte,Desempregado,Mestrado,736,0,56256.0,0,Alto
Paula,25,F,23.0,Porto Alegre,Autônomo,Mestrado,497,0,276.0,0,Baixo
Mariana,71,F,5122.0,Porto Alegre,Autônomo,Mestrado,334,0,61464.0,0,Baixo
Fernando,61,M,5486.0,Belo Horizonte,Autônomo,Pós-graduação,779,1,65832.0,1,Alto
Maria,64,F,5621.0,Porto Alegre,Autônomo,Graduação,656,0,67452.0,0,Médio
Ano,66,M,72.0,Belo Horizonte,Empregado,Pós-graduação,492,1,864.0,1,Baixo
Mariano,70,M,3918.0,São Paulo,Desempregado,Ensino Médio,641,1,47016.0,1,Médio
Carla,51,F,73.0,Porto Alegre,Autônomo,Mestrado,548,0,876.0,0,Médio
Fernando,35,M,,Porto Alegre,Autônomo,Doutorado,436,1,,1,Baixo
Mariana,47,F,14347.0,Porto Alegre,Desempregado,Graduação,832,0,172164.0,0,Alto
Ana,30,F,144.0,Porto Alegre,Empregado,Pós-graduação,705,0,1728.0,0,Alto
Fernando,72,M,7594.0,Belo Horizonte,Autônomo,Graduação,643,1,91128.0,1,Médio
Pedra,64,F,6541.0,Belo Horizonte,Autônomo,Doutorado,429,0,78492.0,0,Baixo
Pedro,72,M,2966.0,São Paulo,Empregado,Mestrado,715,1,35592.0,1,Alto
Fernando,50,M,5275.0,Belo Horizonte,Empregado,Mestrado,788,1,63300.0,1,Alto
João,52,M,11873.0,Porto Alegre,Autônomo,Ensino Médio,621,1,142476.0,1,Médio
Mario,69,M,53.0,São Paulo,Autônomo,Pós-graduação,348,1,636.0,1,Baixo
Felipe,41,F,6767.0,Rio de Janeiro,Autônomo,Ensino Médio,799,0,81204.0,0,Alto
Mariana,78,F,,Salvador,Desempregado,Graduação,432,0,,0,Baixo
Mariana,43,F,,São Paulo,Autônomo,Doutorado,786,0,,0,Alto
Luiz,64,M,2757.0,Salvador,Empregado,Doutorado,423,1,33084.0,1,Baixo
Carla,68,F,4226.0,Porto Alegre,Empregado,Ensino Médio,408,0,50712.0,0,Baixo
Paulo,61,M,36.0,Rio de Janeiro,Empregado,Ensino Médio,506,1,432.0,1,Médio
Pedro,70,M,,Salvador,Autônomo,Graduação,737,1,,1,Alto
Pedro,59,M,12619.0,São Paulo,Autônomo,Mestrado,783,1,151428.0,1,Alto
João,64,M,14839.0,Belo Horizonte,Empregado,Doutorado,804,1,178068.0,1,Alto
Luiz,18,M,6223.0,Salvador,Desempregado,Ensino Médio,726,1,74676.0,1,Alto
Mario,30,M,13471.0,Belo Horizonte,Autônomo,Doutorado,628,1,161652.0,1,Médio
Fernanda,72,F,13.0,Salvador,Empregado,Mestrado,334,0,156.0,0,Baixo
Felipe,27,F,11379.0,Porto Alegre,Desempregado,Doutorado,591,0,136548.0,0,Médio
Ana,36,F,678.0,Belo Horizonte,Empregado,Mestrado,800,0,8136.0,0,Alto
Felipe,22,M,127.0,Rio de Janeiro,Autônomo,Mestrado,736,1,1524.0,1,Alto
Luiz,25,M,5467.0,São Paulo,Desempregado,Pós-graduação,523,1,65604.0,1,Médio
Ana,21,F,2359.0,Rio de Janeiro,Desempregado,Graduação,720,0,28308.0,0,Alto
Ana,66,F,,Salvador,Autônomo,Doutorado,830,0,,0,Alto
Joãa,30,F,8128.0,Salvador,Autônomo,Mestrado,737,0,97536.0,0,Alto
João,55,M,,Rio de Janeiro,Autônomo,Doutorado,697,1,,1,Médio
Luiz,70,F,12443.0,Salvador,Desempregado,Ensino Médio,610,0,149316.0,0,Médio
Mariana,63,F,4739.0,Porto Alegre,Empregado,Graduação,546,0,56868.0,0,Médio
João,66,M,86.0,São Paulo,Empregado,Graduação,491,1,1032.0,1,Baixo
Pedro,63,M,74.0,Porto Alegre,Empregado,Ensino Médio,347,1,888.0,1,Baixo
Pedra,36,F,,Belo Horizonte,Autônomo,Ensino Médio,542,0,,0,Médio
Paula,69,F,25.0,São Paulo,Autônomo,Doutorado,445,0,300.0,0,Baixo
Paulo,67,M,14296.0,São Paulo,Empregado,Pós-graduação,717,1,171552.0,1,Alto
Luiz,25,M,14433.0,Salvador,Autônomo,Doutorado,340,1,173196.0,1,Baixo
Pedro,44,M,428.0,Belo Horizonte,Autônomo,Doutorado,527,1,5136.0,1,Médio
Mariana,64,F,11881.0,Belo Horizonte,Empregado,Doutorado,590,0,142572.0,0,Médio
Joãa,47,F,5422.0,Rio de Janeiro,Autônomo,Graduação,783,0,65064.0,0,Alto
Pedra,21,F,13387.0,Belo Horizonte,Desempregado,Pós-graduação,415,0,160644.0,0,Baixo
Mariana,28,F,21.0,Belo Horizonte,Autônomo,Ensino Médio,844,0,252.0,0,Alto
Felipe,38,F,,Rio de Janeiro,Desempregado,Graduação,309,0,,0,Baixo
Carlo,60,M,11595.0,Porto Alegre,Desempregado,Ensino Médio,825,1,139140.0,1,Alto
João,19,M,158.0,Salvador,Desempregado,Mestrado,464,1,1896.0,1,Baixo
Maria,73,F,7113.0,Salvador,Desempregado,Doutorado,598,0,85356.0,0,Médio
Paulo,38,M,112.0,Salvador,Desempregado,Mestrado,580,1,1344.0,1,Médio
Luiz,34,F,5346.0,Rio de Janeiro,Autônomo,Ensino Médio,607,0,64152.0,0,Médio
Felipe,60,F,8668.0,Salvador,Empregado,Doutorado,796,0,104016.0,0,Alto
Joãa,68,F,4945.0,São Paulo,Desempregado,Doutorado,804,0,59340.0,0,Alto
Mariana,46,F,6618.0,Belo Horizonte,Desempregado,Mestrado,783,0,79416.0,0,Alto
Mario,44,M,12179.0,Rio de Janeiro,Desempregado,Ensino Médio,459,1,146148.0,1,Baixo
Ana,41,F,12173.0,Rio de Janeiro,Autônomo,Pós-graduação,472,0,146076.0,0,Baixo
Joãa,70,F,2784.0,São Paulo,Empregado,Mestrado,436,0,33408.0,0,Baixo
Mariana,66,F,4684.0,Belo Horizonte,Desempregado,Graduação,317,0,56208.0,0,Baixo
João,20,M,5846.0,Salvador,Desempregado,Graduação,713,1,70152.0,1,Alto
Luiz,56,F,8656.0,Rio de Janeiro,Autônomo,Graduação,794,0,103872.0,0,Alto
Ano,27,M,8151.0,Rio de Janeiro,Desempregado,Ensino Médio,818,1,97812.0,1,Alto
Carlo,20,M,8211.0,Rio de Janeiro,Empregado,Graduação,507,1,98532.0,1,Médio
Luiz,70,F,3851.0,Rio de Janeiro,Empregado,Graduação,449,0,46212.0,0,Baixo
Mariano,62,M,5832.0,Rio de Janeiro,Desempregado,Doutorado,417,1,69984.0,1,Baixo
Felipe,59,M,8516.0,Rio de Janeiro,Autônomo,Doutorado,415,1,102192.0,1,Baixo
Maria,43,F,14799.0,São Paulo,Empregado,Doutorado,835,0,177588.0,0,Alto
Carla,78,F,8564.0,Rio de Janeiro,Autônomo,Ensino Médio,614,0,102768.0,0,Médio
Carlo,71,M,5797.0,Porto Alegre,Empregado,Graduação,439,1,69564.0,1,Baixo
Paula,54,F,3782.0,Belo Horizonte,Empregado,Mestrado,354,0,45384.0,0,Baixo
Fernando,44,M,,Belo Horizonte,Desempregado,Graduação,620,1,,1,Médio
Luiz,22,F,5238.0,Salvador,Empregado,Doutorado,528,0,62856.0,0,Médio
Luiz,59,F,,Rio de Janeiro,Desempregado,Graduação,324,0,,0,Baixo
Fernanda,28,F,41.0,Rio de Janeiro,Empregado,Doutorado,341,0,492.0,0,Baixo
Ano,30,M,9844.0,São Paulo,Empregado,Graduação,590,1,118128.0,1,Médio
Felipe,58,M,8212.0,Porto Alegre,Empregado,Ensino Médio,494,1,98544.0,1,Baixo
Pedro,51,M,14379.0,Belo Horizonte,Desempregado,Pós-graduação,436,1,172548.0,1,Baixo
Paula,55,F,973.0,Belo Horizonte,Empregado,Pós-graduação,495,0,11676.0,0,Baixo
Ano,57,M,13177.0,Salvador,Empregado,Graduação,720,1,158124.0,1,Alto
Joãa,50,F,2328.0,Rio de Janeiro,Autônomo,Mestrado,645,0,27936.0,0,Médio
Luiz,76,F,87.0,São Paulo,Autônomo,Graduação,845,0,1044.0,0,Alto
Mariano,51,M,11566.0,Salvador,Empregado,Graduação,732,1,138792.0,1,Alto
Joãa,44,F,11356.0,Salvador,Desempregado,Pós-graduação,600,0,136272.0,0,Médio
Mariano,53,M,2.0,Salvador,Autônomo,Graduação,693,1,24.0,1,Médio
Luiz,43,F,3923.0,São Paulo,Desempregado,Graduação,475,0,47076.0,0,Baixo
Paulo,68,M,,São Paulo,Empregado,Doutorado,631,1,,1,Médio
Maria,42,F,9696.0,Rio de Janeiro,Autônomo,Graduação,660,0,116352.0,0,Médio
Maria,36,F,49.0,São Paulo,Desempregado,Doutorado,326,0,588.0,0,Baixo
Fernando,38,M,5624.0,Salvador,Desempregado,Ensino Médio,423,1,67488.0,1,Baixo
Pedro,48,M,,Rio de Janeiro,Autônomo,Mestrado,712,1,,1,Alto
Maria,46,F,3717.0,Salvador,Empregado,Graduação,389,0,44604.0,0,Baixo
Mariano,26,M,4.0,Salvador,Empregado,Doutorado,624,1,48.0,1,Médio
Joãa,36,F,14645.0,Belo Horizonte,Autônomo,Doutorado,842,0,175740.0,0,Alto
Joãa,43,F,4583.0,São Paulo,Desempregado,Graduação,717,0,54996.0,0,Alto
Luiz,42,F,443.0,Belo Horizonte,Autônomo,Pós-graduação,417,0,5316.0,0,Baixo
Mariana,57,F,5962.0,Belo Horizonte,Autônomo,Pós-graduação,768,0,71544.0,0,Alto
Joãa,60,F,11124.0,Salvador,Autônomo,Graduação,609,0,133488.0,0,Médio
João,77,M,,São Paulo,Empregado,Graduação,636,1,,1,Médio
Carlo,46,M,14475.0,Salvador,Empregado,Pós-graduação,722,1,173700.0,1,Alto
Pedro,42,M,13298.0,Porto Alegre,Desempregado,Graduação,493,1,159576.0,1,Baixo
Felipe,36,F,91.0,Salvador,Autônomo,Graduação,621,0,1092.0,0,Médio
Pedro,62,M,2344.0,São Paulo,Autônomo,Doutorado,465,1,28128.0,1,Baixo
Carlo,37,M,114.0,Salvador,Autônomo,Ensino Médio,598,1,1368.0,1,Médio
Joãa,63,F,7137.0,Salvador,Empregado,Graduação,813,0,85644.0,0,Alto
Felipe,72,M,11776.0,Belo Horizonte,Empregado,Pós-graduação,305,1,141312.0,1,Baixo
Mariano,18,M,,Salvador,Desempregado,Graduação,437,1,,1,Baixo
Mario,28,M,55.0,São Paulo,Desempregado,Graduação,330,1,660.0,1,Baixo
Carla,21,F,8769.0,Belo Horizonte,Autônomo,Doutorado,637,0,105228.0,0,Médio
Pedro,24,M,13116.0,Rio de Janeiro,Desempregado,Ensino Médio,438,1,157392.0,1,Baixo
Ana,45,F,9172.0,Rio de Janeiro,Autônomo,Graduação,739,0,110064.0,0,Alto
Pedra,53,F,9775.0,Salvador,Empregado,Ensino Médio,690,0,117300.0,0,Médio
Felipe,75,M,,Belo Horizonte,Empregado,Pós-graduação,626,1,,1,Médio
Paula,24,F,3663.0,Porto Alegre,Empregado,Pós-graduação,321,0,43956.0,0,Baixo
Joãa,52,F,6893.0,Belo Horizonte,Autônomo,Doutorado,535,0,82716.0,0,Médio
Mario,68,M,7993.0,Rio de Janeiro,Desempregado,Pós-graduação,583,1,95916.0,1,Médio
